ACT_BANK_ACCT_NUM,ALC_EXEC_AMT,ALC_FEE_AMT,ALC_INT_AMT,BLK_HOL_CAL,BLK_ORDER_ID,BLK_OTH_EFF_DATE,BLK_SEC_ID,STATUS,BLK_TRADE_DATE,BLK_TRADE_TYPE,BLK_TRANS_SUB_TYPE,SEC_OTC_CLEAR_IND,SEC_CUSIP,SEC_CUST_DOC_CLAUSE,SEC_SWAP_LEG_IND,SEC_TRM_MASTER_DOC_TRANS_TYPE,SEC_TYP_CD,UND_SEC_TYP_CD,UND_SHORT_NM,SEC_ROLL_CONV,BLK_CREATE_DATE,ALC_ACCT_CD,ALC_EXEC_QTY,ALC_TRADE_ID,BLK_PAY_DATE,SEC_FACTOR,SEC_ISSUE_DATE,SEC_MATURE_DATE,UND_ISIN_NO,BLK_TDE_CRRNCY,BLK_EXCH_CD,ORIG_ORDER_ID,BLK_EXCH_DEALID,BLK_STUB,SEC_TRADE_IND,LEG1_ACCRUAL_TYP_CD,LEG1_CPN_BD_ADJ,LEG1_MAT_DATE_ADJ,LEG1_DAY_BASIS,LEG1_HOL_CAL,LEG1_PAY_FREQ,LEG1_RESET_BD_ADJ,LEG1_RESET_FREQ,LEG2_ACCRUAL_TYP_CD,LEG2_CPN_BD_ADJ,LEG2_MAT_DATE_ADJ,LEG2_DAY_BASIS,LEG2_HOL_CAL,LEG2_PAY_FREQ,LEG2_RESET_BD_ADJ,LEG2_RESET_FREQ,LEG1_SWAP_LEG_IND,LEG2_SWAP_LEG_IND,LEG1_EFFEC_DATE,LEG1_MATURE_DATE,LEG1_RESET_LAG_DAYS,LEG1_SEC_ID,LEG2_EFFEC_DATE,LEG2_MATURE_DATE,LEG2_RESET_LAG_DAYS,LEG2_SEC_ID,LEG1_COUPON_RATE,LEG1_FST_PAY_DATE,LEG1_FLT_INDX,LEG2_FLT_INDX,LEG2_IDX_PAY_FREQ,SEC_TRANS_TYP,BRK_CD,ALC_CLR_BRK_CD,ORIG_BRK_CD,ISS_RED_CD,SEC_CCP_IND,BLK_FX_RATE,SEC_SWAP_SUB_TYPE,SEC_IRS_HOL_CAL,LEG1_FIXING_OPT,LEG1_IDX_PAY_FREQ,LEG1_INF_INTERP,LEG1_INF_PUB,LEG2_FIXING_OPT,LEG2_INF_INTERP,LEG2_INF_PUB,LEG2_INF_SRC,LEG1_LST_PAY_DATE,LEG2_FST_PAY_DATE,LEG2_LST_PAY_DATE,LEG2_RTE_RND_PREC,LEG1_COMP_MTHD,LEG2_COMP_MTHD,LEG1_PAY_LAG,LEG2_PAY_LAG,SEC_EXPIRY_DATE,SEC_ASSET_CRRNCY_CD,SEC_LOC_CRRNCY_CD,SEC_STRIKE_PRICE,SEC_OPTION_STYLE,SEC_OPTION_TYPE,SEC_INF_FIXED_RATE,SEC_IMP_INF_CPI,SEC_VALUE_DATE,SEC_EXP_TIME,SEC_EXP_ZONE,BLK_IRR_RATE,ALC_VERSION_NO,SEC_SETTLE_METHOD,SEC_CNTRCT_SIZE,UND_EXCH_CD,BLK_TRANS_TYPE,ALC_COMM_AMT,BLK_VERSION_NO,UND_FIXED_RATE,UND_RED_CODE,UND_PAY_FREQ,ORD_PROT_TYPE,UND_MATURE_DATE,SEC_DEL_TYP,ORD_EXEC_PRICE,SEC_RATING_TIER,BLK_DEAL_SPREAD,LEG1_SECID,LEG2_SECID,OPT_HOL_CAL,UND_SEC_SEDOL,SEC_RST_MARGIN,UND_SEC_TICKER,TRS_ROLL_CONVTN,TRS_NOTIONAL_RST,TRS_PRICE_MTHD,ORD_DEAL_PRICE,BLK_EXCH_RATE,ORD_ASSET_PRICE,LEG1_ROLL_CONV,LEG2_ROLL_CONV,SEC_INF_CPI_INDEX,ALC_FEE_1_CD,ALC_FEE_1_AMT,ALC_FEE_2_CD,ALC_FEE_2_AMT,ALC_FEE_3_CD,ALC_FEE_3_AMT,ALC_FEE_4_CD,ALC_FEE_4_AMT,ALC_FEE_5_CD,ALC_FEE_5_AMT,ALC_FEE_6_CD,ALC_FEE_6_AMT,LEG1_NEXT_CPN_DATE,LEG2_NEXT_CPN_DATE,BLK_INIT_REF_INDEX,SEC_TRS_RETURN,SEC_TRS_ASSET_CLASS,LEG2_COUPON_RATE,LEG1_TRP_CUSIP,LEG2_TRP_CUSIP,BLK_BRK_RSN,BLK_DELIVERY_TYPE,BLK_TRADER,BLK_ORDER_TYPE,BLK_TRADING_VENUE,EXEC_TIME,BB_TICKER,BB_EXCH,ALC_INV_DEC_MAKER,FILL_LAST_CAPACITY,BLK_EMP_ID,BLK_PLACEMENT_ID,ALC_COMM_IND_R,ALC_COMM_RATE_R,ALC_COMM_AMT_R,ALC_COMM_IND_E,ALC_COMM_RATE_E,ALC_COMM_AMT_E,BB_MKT_SECT,FILL_DATE,ORD_REASON_CD,ORIG_REASON_CD,EQTRS_LAST_RESET_PRICE,ORD_INIT_ASSET_PRICE,BLK_NETTING_ID,TRS_NET_PRICE,TRS_ALC_NOTIONAL,TRS_ALC_UNITS,UDF_ST1,UDF_ST2,UDF_NUM1,UDF_NUM2,UDF_DT1,UDF_DT2,SEC_TICKER,SEC_EXCH_CNTRY,SEC_DESCRIPTION,ORD_TRADING_DESK,NORM_ALC_EXEC_AMT,NORM_ALC_INT_AMT,SS_SEC_SWAP_LEG_IND,SS_BLK_TRADE_TYPE,SS_BLK_TRANS_SUB_TYPE,LEG1_CURRENCY,LEG2_CURRENCY,SWPTNLEG1_ACCRUAL_TYP_CD,SWPTNLEG1_CPN_BD_ADJ,SWPTNLEG1_MAT_DATE_ADJ,SWPTNLEG1_DAY_BASIS,SWPTNLEG1_HOL_CAL,SWPTNLEG1_PAY_FREQ,SWPTNLEG1_RESET_BD_ADJ,SWPTNLEG1_RESET_FREQ,SWPTNLEG1_SWAP_LEG_IND,SWPTNLEG1_EFFEC_DATE,SWPTNLEG1_MATURE_DATE,SWPTNLEG1_RESET_LAG_DAYS,SWPTNLEG1_SEC_ID,SWPTNLEG1_COUPON_RATE,SWPTNLEG1_FST_PAY_DATE,SWPTNLEG1_FLT_INDX,SWPTNLEG1_IDX_PAY_FREQ,SWPTNLEG1_LAST_PAY_DATE,SWPTNLEG1_COMP_MTHD,SWPTNLEG1_PAY_LAG,SWPTNLEG1_ROLL_CONV,SWPTNLEG1_TRP_CUSIP,SWPTNLEG1_CURRENCY,SWPTNLEG2_ACCRUAL_TYP_CD,SWPTNLEG2_CPN_BD_ADJ,SWPTNLEG2_MAT_DATE_ADJ,SWPTNLEG2_DAY_BASIS,SWPTNLEG2_HOL_CAL,SWPTNLEG2_PAY_FREQ,SWPTNLEG2_RESET_BD_ADJ,SWPTNLEG2_RESET_FREQ,SWPTNLEG2_SWAP_LEG_IND,SWPTNLEG2_EFFEC_DATE,SWPTNLEG2_MATURE_DATE,SWPTNLEG2_RESET_LAG_DAYS,SWPTNLEG2_SEC_ID,SWPTNLEG2_COUPON_RATE,SWPTNLEG2_FST_PAY_DATE,SWPTNLEG2_FLT_INDX,SWPTNLEG2_IDX_PAY_FREQ,SWPTNLEG2_LAST_PAY_DATE,SWPTNLEG2_COMP_MTHD,SWPTNLEG2_PAY_LAG,SWPTNLEG2_ROLL_CONV,SWPTNLEG2_TRP_CUSIP,SWPTNLEG2_CURRENCY,LEG1_IRS_RATE,LEG2_IRS_RATE,ALC_NET_AMT,SEC_EARLIEST_EXP_TIME,SEC_LATEST_EXP_TIME,NORM_SEC_DOC_CLAUSE
BAH13,0,0,0,,1848863603,03/21/2019 0:00,1848783349,ACCT,03/21/2019 0:00,,,N,4048849Y6,,,,CPO,CURR,,24,03/21/2019 12:35,9577,45000000,77395152,03/25/2019 0:00,,,07/24/2019 0:00,,USD,OTC,,,NONE,,,,,,,,,,,,,,,,,,,,,,,1848783349,,,,,,,,,,FXOS,FXHS,,,,,,,,,,,,,,,,,,,,,,,,07/24/2019 0:00,USD,JPY,108,E,Put,,,07/26/2019 0:00,3.6E+11,USNY,,37,PHYS,1,CASH,BUYL,0,37,,,,,,WIRE,0.009106667,,,,,USNY,,,,,,CURR,,,,24,24,,,0,,0,,0,,0,,0,,0,,,,CPO,CPO,,,,B,WIRE,CACONTN,MKT,,03/21/2019 14:41,,,LNDD378,P,FADAF88,2,,,,CPS,0,0,Comdty,03/21/2019 14:41,,,,,,,,45000000,,,,,,,,US,FXO USD PUT/JPY CALL 108.00 07/24/2019,BALT,409800,0,,,,,,,,,,,,,,,,,,,,,,,,,,,,,,,,,,,,,,,,,,,,,,,,,,,,,,409800,8:30,14:00,
MJEZ,0,0,0,,1848863603,03/21/2019 0:00,1848783349,ACCT,03/21/2019 0:00,,,N,4048849Y6,,,,CPO,CURR,,24,03/21/2019 12:35,9752,22000000,77395149,03/25/2019 0:00,,,07/24/2019 0:00,,USD,OTC,,,NONE,,,,,,,,,,,,,,,,,,,,,,,1848783349,,,,,,,,,,FXOS,FXHS,,,,,,,,,,,,,,,,,,,,,,,,07/24/2019 0:00,USD,JPY,108,E,Put,,,07/26/2019 0:00,3.6E+11,USNY,,37,PHYS,1,CASH,BUYL,0,37,,,,,,WIRE,0.009106667,,,,,USNY,,,,,,CURR,,,,24,24,,,0,,0,,0,,0,,0,,0,,,,CPO,CPO,,,,B,WIRE,CACONTN,MKT,,03/21/2019 14:41,,,LNDD378,P,FADAF88,2,,,,CPS,0,0,Comdty,03/21/2019 14:41,,,,,,,,22000000,,,,,,,,US,FXO USD PUT/JPY CALL 108.00 07/24/2019,BALT,200346.67,0,,,,,,,,,,,,,,,,,,,,,,,,,,,,,,,,,,,,,,,,,,,,,,,,,,,,,,200346.67,8:30,14:00,
EM359,0,0,0,,1848863603,03/21/2019 0:00,1848783349,ACCT,03/21/2019 0:00,,,N,4048849Y6,,,,CPO,CURR,,24,03/21/2019 12:35,9810,6000000,77395150,03/25/2019 0:00,,,07/24/2019 0:00,,USD,OTC,,,NONE,,,,,,,,,,,,,,,,,,,,,,,1848783349,,,,,,,,,,FXOS,FXHS,,,,,,,,,,,,,,,,,,,,,,,,07/24/2019 0:00,USD,JPY,108,E,Put,,,07/26/2019 0:00,3.6E+11,USNY,,37,PHYS,1,CASH,BUYL,0,37,,,,,,WIRE,0.009106667,,,,,USNY,,,,,,CURR,,,,24,24,,,0,,0,,0,,0,,0,,0,,,,CPO,CPO,,,,B,WIRE,CACONTN,MKT,,03/21/2019 14:41,,,LNDD378,P,FADAF88,2,,,,CPS,0,0,Comdty,03/21/2019 14:41,,,,,,,,6000000,,,,,,,,US,FXO USD PUT/JPY CALL 108.00 07/24/2019,BALT,54640,0,,,,,,,,,,,,,,,,,,,,,,,,,,,,,,,,,,,,,,,,,,,,,,,,,,,,,,54640,8:30,14:00,
IB8V,0,0,0,,1848863603,03/21/2019 0:00,1848783349,ACCT,03/21/2019 0:00,,,N,4048849Y6,,,,CPO,CURR,,24,03/21/2019 12:35,9878,7400000,77395151,03/25/2019 0:00,,,07/24/2019 0:00,,USD,OTC,,,NONE,,,,,,,,,,,,,,,,,,,,,,,1848783349,,,,,,,,,,FXOS,FXHS,,,,,,,,,,,,,,,,,,,,,,,,07/24/2019 0:00,USD,JPY,108,E,Put,,,07/26/2019 0:00,3.6E+11,USNY,,37,PHYS,1,CASH,BUYL,0,37,,,,,,WIRE,0.009106667,,,,,USNY,,,,,,CURR,,,,24,24,,,0,,0,,0,,0,,0,,0,,,,CPO,CPO,,,,B,WIRE,CACONTN,MKT,,03/21/2019 14:41,,,LNDD378,P,FADAF88,2,,,,CPS,0,0,Comdty,03/21/2019 14:41,,,,,,,,7400000,,,,,,,,US,FXO USD PUT/JPY CALL 108.00 07/24/2019,BALT,67389.33,0,,,,,,,,,,,,,,,,,,,,,,,,,,,,,,,,,,,,,,,,,,,,,,,,,,,,,,67389.33,8:30,14:00,
AEJ03,0,0,0,,1848863603,03/21/2019 0:00,1848783349,ACCT,03/21/2019 0:00,,,N,4048849Y6,,,,CPO,CURR,,24,03/21/2019 12:35,9539,10000000,77395148,03/25/2019 0:00,,,07/24/2019 0:00,,USD,OTC,,,NONE,,,,,,,,,,,,,,,,,,,,,,,1848783349,,,,,,,,,,FXOS,FXHS,,,,,,,,,,,,,,,,,,,,,,,,07/24/2019 0:00,USD,JPY,108,E,Put,,,07/26/2019 0:00,3.6E+11,USNY,,37,PHYS,1,CASH,BUYL,0,37,,,,,,WIRE,0.009106667,,,,,USNY,,,,,,CURR,,,,24,24,,,0,,0,,0,,0,,0,,0,,,,CPO,CPO,,,,B,WIRE,CACONTN,MKT,,03/21/2019 14:41,,,LNDD378,P,FADAF88,2,,,,CPS,0,0,Comdty,03/21/2019 14:41,,,,,,,,10000000,,,,,,,,US,FXO USD PUT/JPY CALL 108.00 07/24/2019,BALT,91066.67,0,,,,,,,,,,,,,,,,,,,,,,,,,,,,,,,,,,,,,,,,,,,,,,,,,,,,,,91066.67,8:30,14:00,
AEJ03,0,0,0,,1852746837,03/25/2019 0:00,1852583252,ACCT,03/25/2019 0:00,,,N,4048848B7,,,,CPO,CURR,,24,03/25/2019 16:49,9539,48000000,77424956,03/27/2019 0:00,,,07/24/2019 0:00,,USD,OTC,,,NONE,,,,,,,,,,,,,,,,,,,,,,,1852583252,,,,,,,,,,FXOS,FXHS,,,,,,,,,,,,,,,,,,,,,,,,07/24/2019 0:00,USD,JPY,108,E,Put,,,07/26/2019 0:00,3.6E+11,USNY,,15,PHYS,1,CASH,BUYL,0,15,,,,,,WIRE,0.011614813,,,,,USNY,,,,,,CURR,,,,24,24,,,0,,0,,0,,0,,0,,0,,,,CPO,CPO,,,,B,WIRE,DJHYNES,MKT,,03/25/2019 16:50,,,LNDD378,P,FAD9X02,2,,,,CPS,0,0,Comdty,03/25/2019 16:50,,,,,,,,48000000,,,,,,,,US,FXO USD PUT/JPY CALL 108.00 07/24/2019,BALT,557511.02,0,,,,,,,,,,,,,,,,,,,,,,,,,,,,,,,,,,,,,,,,,,,,,,,,,,,,,,557511.02,8:30,14:00,
BAH13,0,0,0,,1852746837,03/25/2019 0:00,1852583252,ACCT,03/25/2019 0:00,,,N,4048848B7,,,,CPO,CURR,,24,03/25/2019 16:49,9577,73200000,77424960,03/27/2019 0:00,,,07/24/2019 0:00,,USD,OTC,,,NONE,,,,,,,,,,,,,,,,,,,,,,,1852583252,,,,,,,,,,FXOS,FXHS,,,,,,,,,,,,,,,,,,,,,,,,07/24/2019 0:00,USD,JPY,108,E,Put,,,07/26/2019 0:00,3.6E+11,USNY,,15,PHYS,1,CASH,BUYL,0,15,,,,,,WIRE,0.011614813,,,,,USNY,,,,,,CURR,,,,24,24,,,0,,0,,0,,0,,0,,0,,,,CPO,CPO,,,,B,WIRE,DJHYNES,MKT,,03/25/2019 16:50,,,LNDD378,P,FAD9X02,2,,,,CPS,0,0,Comdty,03/25/2019 16:50,,,,,,,,73200000,,,,,,,,US,FXO USD PUT/JPY CALL 108.00 07/24/2019,BALT,850204.31,0,,,,,,,,,,,,,,,,,,,,,,,,,,,,,,,,,,,,,,,,,,,,,,,,,,,,,,850204.31,8:30,14:00,
MJEZ,0,0,0,,1852746837,03/25/2019 0:00,1852583252,ACCT,03/25/2019 0:00,,,N,4048848B7,,,,CPO,CURR,,24,03/25/2019 16:49,9752,35400000,77424959,03/27/2019 0:00,,,07/24/2019 0:00,,USD,OTC,,,NONE,,,,,,,,,,,,,,,,,,,,,,,1852583252,,,,,,,,,,FXOS,FXHS,,,,,,,,,,,,,,,,,,,,,,,,07/24/2019 0:00,USD,JPY,108,E,Put,,,07/26/2019 0:00,3.6E+11,USNY,,15,PHYS,1,CASH,BUYL,0,15,,,,,,WIRE,0.011614813,,,,,USNY,,,,,,CURR,,,,24,24,,,0,,0,,0,,0,,0,,0,,,,CPO,CPO,,,,B,WIRE,DJHYNES,MKT,,03/25/2019 16:50,,,LNDD378,P,FAD9X02,2,,,,CPS,0,0,Comdty,03/25/2019 16:50,,,,,,,,35400000,,,,,,,,US,FXO USD PUT/JPY CALL 108.00 07/24/2019,BALT,411164.38,0,,,,,,,,,,,,,,,,,,,,,,,,,,,,,,,,,,,,,,,,,,,,,,,,,,,,,,411164.38,8:30,14:00,
EM359,0,0,0,,1852746837,03/25/2019 0:00,1852583252,ACCT,03/25/2019 0:00,,,N,4048848B7,,,,CPO,CURR,,24,03/25/2019 16:49,9810,10100000,77424957,03/27/2019 0:00,,,07/24/2019 0:00,,USD,OTC,,,NONE,,,,,,,,,,,,,,,,,,,,,,,1852583252,,,,,,,,,,FXOS,FXHS,,,,,,,,,,,,,,,,,,,,,,,,07/24/2019 0:00,USD,JPY,108,E,Put,,,07/26/2019 0:00,3.6E+11,USNY,,15,PHYS,1,CASH,BUYL,0,15,,,,,,WIRE,0.011614813,,,,,USNY,,,,,,CURR,,,,24,24,,,0,,0,,0,,0,,0,,0,,,,CPO,CPO,,,,B,WIRE,DJHYNES,MKT,,03/25/2019 16:50,,,LNDD378,P,FAD9X02,2,,,,CPS,0,0,Comdty,03/25/2019 16:50,,,,,,,,10100000,,,,,,,,US,FXO USD PUT/JPY CALL 108.00 07/24/2019,BALT,117309.61,0,,,,,,,,,,,,,,,,,,,,,,,,,,,,,,,,,,,,,,,,,,,,,,,,,,,,,,117309.61,8:30,14:00,
IB8V,0,0,0,,1852746837,03/25/2019 0:00,1852583252,ACCT,03/25/2019 0:00,,,N,4048848B7,,,,CPO,CURR,,24,03/25/2019 16:49,9878,12300000,77424958,03/27/2019 0:00,,,07/24/2019 0:00,,USD,OTC,,,NONE,,,,,,,,,,,,,,,,,,,,,,,1852583252,,,,,,,,,,FXOS,FXHS,,,,,,,,,,,,,,,,,,,,,,,,07/24/2019 0:00,USD,JPY,108,E,Put,,,07/26/2019 0:00,3.6E+11,USNY,,15,PHYS,1,CASH,BUYL,0,15,,,,,,WIRE,0.011614813,,,,,USNY,,,,,,CURR,,,,24,24,,,0,,0,,0,,0,,0,,0,,,,CPO,CPO,,,,B,WIRE,DJHYNES,MKT,,03/25/2019 16:50,,,LNDD378,P,FAD9X02,2,,,,CPS,0,0,Comdty,03/25/2019 16:50,,,,,,,,12300000,,,,,,,,US,FXO USD PUT/JPY CALL 108.00 07/24/2019,BALT,142862.2,0,,,,,,,,,,,,,,,,,,,,,,,,,,,,,,,,,,,,,,,,,,,,,,,,,,,,,,142862.2,8:30,14:00,
70JF,0,0,0,,1848863603,03/21/2019 0:00,1848783349,ACCT,03/21/2019 0:00,,,N,4048849Y6,,,,CPO,CURR,,24,03/21/2019 12:35,7AJF,59000000,77395153,03/25/2019 0:00,,,07/24/2019 0:00,,USD,OTC,,,NONE,,,,,,,,,,,,,,,,,,,,,,,1848783349,,,,,,,,,,FXOS,FXHS,,,,,,,,,,,,,,,,,,,,,,,,07/24/2019 0:00,USD,JPY,108,E,Put,,,07/26/2019 0:00,3.6E+11,USNY,,37,PHYS,1,CASH,BUYL,0,37,,,,,,WIRE,0.009106667,,,,,USNY,,,,,,CURR,,,,24,24,,,0,,0,,0,,0,,0,,0,,,,CPO,CPO,,,,B,WIRE,CACONTN,MKT,,03/21/2019 14:41,,,LNDD378,P,FADAF88,2,,,,CPS,0,0,Comdty,03/21/2019 14:41,,,,,,,,59000000,,,,,,,,US,FXO USD PUT/JPY CALL 108.00 07/24/2019,BALT,537293.33,0,,,,,,,,,,,,,,,,,,,,,,,,,,,,,,,,,,,,,,,,,,,,,,,,,,,,,,537293.33,8:30,14:00,
70GB,0,0,0,,1848863603,03/21/2019 0:00,1848783349,ACCT,03/21/2019 0:00,,,N,4048849Y6,,,,CPO,CURR,,24,03/21/2019 12:35,70GB,127300000,77395155,03/25/2019 0:00,,,07/24/2019 0:00,,USD,OTC,,,NONE,,,,,,,,,,,,,,,,,,,,,,,1848783349,,,,,,,,,,FXOS,FXHS,,,,,,,,,,,,,,,,,,,,,,,,07/24/2019 0:00,USD,JPY,108,E,Put,,,07/26/2019 0:00,3.6E+11,USNY,,37,PHYS,1,CASH,BUYL,0,37,,,,,,WIRE,0.009106667,,,,,USNY,,,,,,CURR,,,,24,24,,,0,,0,,0,,0,,0,,0,,,,CPO,CPO,,,,B,WIRE,CACONTN,MKT,,03/21/2019 14:41,,,LNDD378,P,FADAF88,2,,,,CPS,0,0,Comdty,03/21/2019 14:41,,,,,,,,127300000,,,,,,,,US,FXO USD PUT/JPY CALL 108.00 07/24/2019,BALT,1159278.67,0,,,,,,,,,,,,,,,,,,,,,,,,,,,,,,,,,,,,,,,,,,,,,,,,,,,,,,1159278.67,8:30,14:00,
AEJ03,0,0,0,,1873229662,04/11/2019 0:00,1872984674,ACCT,04/11/2019 0:00,,,N,6174954D5,,,,CCO,CURR,,24,04/11/2019 10:36,9539,18000000,77673945,04/12/2019 0:00,,,07/24/2019 0:00,,USD,OTC,,,NONE,,,,,,,,,,,,,,,,,,,,,,,1872984674,,,,,,,,,,FXOS,FXMS,,,,,,,,,,,,,,,,,,,,,,,,07/24/2019 0:00,USD,CAD,1.34,E,Call,,,07/26/2019 0:00,3.6E+11,USNY,,31,PHYS,1,CASH,BUYL,0,31,,,,,,WIRE,0.009775,,,,,USNY,,,,,,CURR,,,,24,24,,,0,,0,,0,,0,,0,,0,,,,CCO,CCO,,,,B,WIRE,DJHYNES,MKT,,04/11/2019 11:57,,,LNDD378,P,FAD9X02,2,,,,CPS,0,0,Comdty,04/11/2019 11:57,,,,,,,,18000000,,,,,,,,US,FXO USD CALL/CAD PUT 1.34 07/24/2019,BALT,175950,0,,,,,,,,,,,,,,,,,,,,,,,,,,,,,,,,,,,,,,,,,,,,,,,,,,,,,,175950,8:30,14:00,
BAH13,0,0,0,,1873229662,04/11/2019 0:00,1872984674,ACCT,04/11/2019 0:00,,,N,6174954D5,,,,CCO,CURR,,24,04/11/2019 10:36,9577,18700000,77673950,04/12/2019 0:00,,,07/24/2019 0:00,,USD,OTC,,,NONE,,,,,,,,,,,,,,,,,,,,,,,1872984674,,,,,,,,,,FXOS,FXMS,,,,,,,,,,,,,,,,,,,,,,,,07/24/2019 0:00,USD,CAD,1.34,E,Call,,,07/26/2019 0:00,3.6E+11,USNY,,31,PHYS,1,CASH,BUYL,0,31,,,,,,WIRE,0.009775,,,,,USNY,,,,,,CURR,,,,24,24,,,0,,0,,0,,0,,0,,0,,,,CCO,CCO,,,,B,WIRE,DJHYNES,MKT,,04/11/2019 11:57,,,LNDD378,P,FAD9X02,2,,,,CPS,0,0,Comdty,04/11/2019 11:57,,,,,,,,18700000,,,,,,,,US,FXO USD CALL/CAD PUT 1.34 07/24/2019,BALT,182792.5,0,,,,,,,,,,,,,,,,,,,,,,,,,,,,,,,,,,,,,,,,,,,,,,,,,,,,,,182792.5,8:30,14:00,
MJEZ,0,0,0,,1873229662,04/11/2019 0:00,1872984674,ACCT,04/11/2019 0:00,,,N,6174954D5,,,,CCO,CURR,,24,04/11/2019 10:36,9752,11400000,77673949,04/12/2019 0:00,,,07/24/2019 0:00,,USD,OTC,,,NONE,,,,,,,,,,,,,,,,,,,,,,,1872984674,,,,,,,,,,FXOS,FXMS,,,,,,,,,,,,,,,,,,,,,,,,07/24/2019 0:00,USD,CAD,1.34,E,Call,,,07/26/2019 0:00,3.6E+11,USNY,,31,PHYS,1,CASH,BUYL,0,31,,,,,,WIRE,0.009775,,,,,USNY,,,,,,CURR,,,,24,24,,,0,,0,,0,,0,,0,,0,,,,CCO,CCO,,,,B,WIRE,DJHYNES,MKT,,04/11/2019 11:57,,,LNDD378,P,FAD9X02,2,,,,CPS,0,0,Comdty,04/11/2019 11:57,,,,,,,,11400000,,,,,,,,US,FXO USD CALL/CAD PUT 1.34 07/24/2019,BALT,111435,0,,,,,,,,,,,,,,,,,,,,,,,,,,,,,,,,,,,,,,,,,,,,,,,,,,,,,,111435,8:30,14:00,
EM359,0,0,0,,1873229662,04/11/2019 0:00,1872984674,ACCT,04/11/2019 0:00,,,N,6174954D5,,,,CCO,CURR,,24,04/11/2019 10:36,9810,3000000,77673947,04/12/2019 0:00,,,07/24/2019 0:00,,USD,OTC,,,NONE,,,,,,,,,,,,,,,,,,,,,,,1872984674,,,,,,,,,,FXOS,FXMS,,,,,,,,,,,,,,,,,,,,,,,,07/24/2019 0:00,USD,CAD,1.34,E,Call,,,07/26/2019 0:00,3.6E+11,USNY,,31,PHYS,1,CASH,BUYL,0,31,,,,,,WIRE,0.009775,,,,,USNY,,,,,,CURR,,,,24,24,,,0,,0,,0,,0,,0,,0,,,,CCO,CCO,,,,B,WIRE,DJHYNES,MKT,,04/11/2019 11:57,,,LNDD378,P,FAD9X02,2,,,,CPS,0,0,Comdty,04/11/2019 11:57,,,,,,,,3000000,,,,,,,,US,FXO USD CALL/CAD PUT 1.34 07/24/2019,BALT,29325,0,,,,,,,,,,,,,,,,,,,,,,,,,,,,,,,,,,,,,,,,,,,,,,,,,,,,,,29325,8:30,14:00,
IB8V,0,0,0,,1873229662,04/11/2019 0:00,1872984674,ACCT,04/11/2019 0:00,,,N,6174954D5,,,,CCO,CURR,,24,04/11/2019 10:36,9878,3800000,77673948,04/12/2019 0:00,,,07/24/2019 0:00,,USD,OTC,,,NONE,,,,,,,,,,,,,,,,,,,,,,,1872984674,,,,,,,,,,FXOS,FXMS,,,,,,,,,,,,,,,,,,,,,,,,07/24/2019 0:00,USD,CAD,1.34,E,Call,,,07/26/2019 0:00,3.6E+11,USNY,,31,PHYS,1,CASH,BUYL,0,31,,,,,,WIRE,0.009775,,,,,USNY,,,,,,CURR,,,,24,24,,,0,,0,,0,,0,,0,,0,,,,CCO,CCO,,,,B,WIRE,DJHYNES,MKT,,04/11/2019 11:57,,,LNDD378,P,FAD9X02,2,,,,CPS,0,0,Comdty,04/11/2019 11:57,,,,,,,,3800000,,,,,,,,US,FXO USD CALL/CAD PUT 1.34 07/24/2019,BALT,37145,0,,,,,,,,,,,,,,,,,,,,,,,,,,,,,,,,,,,,,,,,,,,,,,,,,,,,,,37145,8:30,14:00,
70JF,0,0,0,,1852746837,03/25/2019 0:00,1852583252,ACCT,03/25/2019 0:00,,,N,4048848B7,,,,CPO,CURR,,24,03/25/2019 16:49,7AJF,98000000,77424961,03/27/2019 0:00,,,07/24/2019 0:00,,USD,OTC,,,NONE,,,,,,,,,,,,,,,,,,,,,,,1852583252,,,,,,,,,,FXOS,FXHS,,,,,,,,,,,,,,,,,,,,,,,,07/24/2019 0:00,USD,JPY,108,E,Put,,,07/26/2019 0:00,3.6E+11,USNY,,15,PHYS,1,CASH,BUYL,0,15,,,,,,WIRE,0.011614813,,,,,USNY,,,,,,CURR,,,,24,24,,,0,,0,,0,,0,,0,,0,,,,CPO,CPO,,,,B,WIRE,DJHYNES,MKT,,03/25/2019 16:50,,,LNDD378,P,FAD9X02,2,,,,CPS,0,0,Comdty,03/25/2019 16:50,,,,,,,,98000000,,,,,,,,US,FXO USD PUT/JPY CALL 108.00 07/24/2019,BALT,1138251.67,0,,,,,,,,,,,,,,,,,,,,,,,,,,,,,,,,,,,,,,,,,,,,,,,,,,,,,,1138251.67,8:30,14:00,
70GB,0,0,0,,1852746837,03/25/2019 0:00,1852583252,ACCT,03/25/2019 0:00,,,N,4048848B7,,,,CPO,CURR,,24,03/25/2019 16:49,70GB,208100000,77424963,03/27/2019 0:00,,,07/24/2019 0:00,,USD,OTC,,,NONE,,,,,,,,,,,,,,,,,,,,,,,1852583252,,,,,,,,,,FXOS,FXHS,,,,,,,,,,,,,,,,,,,,,,,,07/24/2019 0:00,USD,JPY,108,E,Put,,,07/26/2019 0:00,3.6E+11,USNY,,15,PHYS,1,CASH,BUYL,0,15,,,,,,WIRE,0.011614813,,,,,USNY,,,,,,CURR,,,,24,24,,,0,,0,,0,,0,,0,,0,,,,CPO,CPO,,,,B,WIRE,DJHYNES,MKT,,03/25/2019 16:50,,,LNDD378,P,FAD9X02,2,,,,CPS,0,0,Comdty,03/25/2019 16:50,,,,,,,,208100000,,,,,,,,US,FXO USD PUT/JPY CALL 108.00 07/24/2019,BALT,2417042.59,0,,,,,,,,,,,,,,,,,,,,,,,,,,,,,,,,,,,,,,,,,,,,,,,,,,,,,,2417042.59,8:30,14:00,
BAH13,0,0,0,,1941361540,06/06/2019 0:00,1940610536,ACCT,06/06/2019 0:00,,,N,1729885Y9,,,,CCO,CURR,,18,06/06/2019 9:53,9577,79300000,78526839,06/10/2019 0:00,,,07/18/2019 0:00,,USD,OTC,,,NONE,,,,,,,,,,,,,,,,,,,,,,,1940610536,,,,,,,,,,FXOS,FXCI,,,,,,,,,,,,,,,,,,,,,,,,07/18/2019 0:00,USD,EUR,1.131,E,Call,,,07/22/2019 0:00,3.6E+11,USNY,,33,PHYS,1,CASH,BUYL,0,33,,,,,,WIRE,0.007585,,,,,USNY,,,,,,CURR,,,,18,18,,,0,,0,,0,,0,,0,,0,,,,CCO,CCO,,,,B,WIRE,DJHYNES,MKT,,06/06/2019 11:05,,,LNDD378,P,FAD9X02,2,,,,CPS,0,0,Comdty,06/06/2019 11:05,,,,,,,,79300000,,,,,,,,US,FXO EUR CALL/USD PUT 1.131 07/18/2019,BALT,601490.5,0,,,,,,,,,,,,,,,,,,,,,,,,,,,,,,,,,,,,,,,,,,,,,,,,,,,,,,601490.5,8:30,14:00,
70GB,0,0,0,,1873229662,04/11/2019 0:00,1872984674,ACCT,04/11/2019 0:00,,,N,6174954D5,,,,CCO,CURR,,24,04/11/2019 10:36,70GB,63000000,77673953,04/12/2019 0:00,,,07/24/2019 0:00,,USD,OTC,,,NONE,,,,,,,,,,,,,,,,,,,,,,,1872984674,,,,,,,,,,FXOS,FXMS,,,,,,,,,,,,,,,,,,,,,,,,07/24/2019 0:00,USD,CAD,1.34,E,Call,,,07/26/2019 0:00,3.6E+11,USNY,,31,PHYS,1,CASH,BUYL,0,31,,,,,,WIRE,0.009775,,,,,USNY,,,,,,CURR,,,,24,24,,,0,,0,,0,,0,,0,,0,,,,CCO,CCO,,,,B,WIRE,DJHYNES,MKT,,04/11/2019 11:57,,,LNDD378,P,FAD9X02,2,,,,CPS,0,0,Comdty,04/11/2019 11:57,,,,,,,,63000000,,,,,,,,US,FXO USD CALL/CAD PUT 1.34 07/24/2019,BALT,615825,0,,,,,,,,,,,,,,,,,,,,,,,,,,,,,,,,,,,,,,,,,,,,,,,,,,,,,,615825,8:30,14:00,
70JF,0,0,0,,1873229662,04/11/2019 0:00,1872984674,ACCT,04/11/2019 0:00,,,N,6174954D5,,,,CCO,CURR,,24,04/11/2019 10:36,7AJF,29500000,77673951,04/12/2019 0:00,,,07/24/2019 0:00,,USD,OTC,,,NONE,,,,,,,,,,,,,,,,,,,,,,,1872984674,,,,,,,,,,FXOS,FXMS,,,,,,,,,,,,,,,,,,,,,,,,07/24/2019 0:00,USD,CAD,1.34,E,Call,,,07/26/2019 0:00,3.6E+11,USNY,,31,PHYS,1,CASH,BUYL,0,31,,,,,,WIRE,0.009775,,,,,USNY,,,,,,CURR,,,,24,24,,,0,,0,,0,,0,,0,,0,,,,CCO,CCO,,,,B,WIRE,DJHYNES,MKT,,04/11/2019 11:57,,,LNDD378,P,FAD9X02,2,,,,CPS,0,0,Comdty,04/11/2019 11:57,,,,,,,,29500000,,,,,,,,US,FXO USD CALL/CAD PUT 1.34 07/24/2019,BALT,288362.5,0,,,,,,,,,,,,,,,,,,,,,,,,,,,,,,,,,,,,,,,,,,,,,,,,,,,,,,288362.5,8:30,14:00,
70JF,0,0,0,,1941361540,06/06/2019 0:00,1940610536,ACCT,06/06/2019 0:00,,,N,1729885Y9,,,,CCO,CURR,,18,06/06/2019 9:53,7AJF,126300000,78526842,06/10/2019 0:00,,,07/18/2019 0:00,,USD,OTC,,,NONE,,,,,,,,,,,,,,,,,,,,,,,1940610536,,,,,,,,,,FXOS,FXCI,,,,,,,,,,,,,,,,,,,,,,,,07/18/2019 0:00,USD,EUR,1.131,E,Call,,,07/22/2019 0:00,3.6E+11,USNY,,33,PHYS,1,CASH,BUYL,0,33,,,,,,WIRE,0.007585,,,,,USNY,,,,,,CURR,,,,18,18,,,0,,0,,0,,0,,0,,0,,,,CCO,CCO,,,,B,WIRE,DJHYNES,MKT,,06/06/2019 11:05,,,LNDD378,P,FAD9X02,2,,,,CPS,0,0,Comdty,06/06/2019 11:05,,,,,,,,126300000,,,,,,,,US,FXO EUR CALL/USD PUT 1.131 07/18/2019,BALT,957985.5,0,,,,,,,,,,,,,,,,,,,,,,,,,,,,,,,,,,,,,,,,,,,,,,,,,,,,,,957985.5,8:30,14:00,
MJEZ,0,0,0,,1942903961,06/07/2019 0:00,1941478950,ACCT,06/07/2019 0:00,,,N,1729885Z6,,,,CCO,CURR,,18,06/07/2019 10:00,9752,53100000,78538720,06/11/2019 0:00,,,07/18/2019 0:00,,USD,OTC,,,NONE,,,,,,,,,,,,,,,,,,,,,,,1941478950,,,,,,,,,,FXOS,FXCI,,,,,,,,,,,,,,,,,,,,,,,,07/18/2019 0:00,USD,EUR,1.131,E,Call,,,07/22/2019 0:00,3.6E+11,USNY,,41,PHYS,1,CASH,BUYL,0,41,,,,,,WIRE,0.011035007,,,,,USNY,,,,,,CURR,,,,18,18,,,0,,0,,0,,0,,0,,0,,,,CCO,CCO,,,,B,WIRE,DJHYNES,MKT,,06/07/2019 10:58,,,LNDD378,P,FAD9X02,2,,,,CPS,0,0,Comdty,06/07/2019 10:58,,,,,,,,53100000,,,,,,,,US,FXO EUR CALL/USD PUT 1.131 07/18/2019,BALT,585958.89,0,,,,,,,,,,,,,,,,,,,,,,,,,,,,,,,,,,,,,,,,,,,,,,,,,,,,,,585958.89,8:30,14:00,
AEJ03,0,0,0,,1904020227,05/08/2019 0:00,1903205380,ACCT,05/08/2019 0:00,,,N,6174953S3,,,,CCO,CURR,,7,05/07/2019 6:32,9539,34600000,78105956,05/10/2019 0:00,,,08/07/2019 0:00,,USD,OTC,,,NONE,,,,,,,,,,,,,,,,,,,,,,,1903205380,,,,,,,,,,FXOS,FXMS,,,,,,,,,,,,,,,,,,,,,,,,08/07/2019 0:00,USD,KRW,1195,E,Call,,,08/09/2019 0:00,5.58E+11,KRSE,,132,CASH,1,CASH,SELLS,0,132,,,,,,WIRE,0.00606,,,,,KRSE,,,,,,CURR,,,,7,7,,,0,,0,,0,,0,,0,,0,,,,CCO,CCO,,,,B,WIRE,RAYAMB,MKT,,05/08/2019 5:44,,,LNDD378,P,TRPGF45,A,,,,CPS,0,0,Comdty,05/08/2019 5:44,,,,,,,,34600000,,,,,,,,US,FXO USD CALL/KRW PUT 1195 08/07/2019,HKNG,209676,0,,,,,,,,,,,,,,,,,,,,,,,,,,,,,,,,,,,,,,,,,,,,,,,,,,,,,,209676,8:30,14:00,
BAH13,0,0,0,,1904020227,05/08/2019 0:00,1903205380,ACCT,05/08/2019 0:00,,,N,6174953S3,,,,CCO,CURR,,7,05/07/2019 6:32,9577,39000000,78105961,05/10/2019 0:00,,,08/07/2019 0:00,,USD,OTC,,,NONE,,,,,,,,,,,,,,,,,,,,,,,1903205380,,,,,,,,,,FXOS,FXMS,,,,,,,,,,,,,,,,,,,,,,,,08/07/2019 0:00,USD,KRW,1195,E,Call,,,08/09/2019 0:00,5.58E+11,KRSE,,132,CASH,1,CASH,SELLS,0,132,,,,,,WIRE,0.00606,,,,,KRSE,,,,,,CURR,,,,7,7,,,0,,0,,0,,0,,0,,0,,,,CCO,CCO,,,,B,WIRE,RAYAMB,MKT,,05/08/2019 5:44,,,LNDD378,P,TRPGF45,A,,,,CPS,0,0,Comdty,05/08/2019 5:44,,,,,,,,39000000,,,,,,,,US,FXO USD CALL/KRW PUT 1195 08/07/2019,HKNG,236340,0,,,,,,,,,,,,,,,,,,,,,,,,,,,,,,,,,,,,,,,,,,,,,,,,,,,,,,236340,8:30,14:00,
MJEZ,0,0,0,,1904020227,05/08/2019 0:00,1903205380,ACCT,05/08/2019 0:00,,,N,6174953S3,,,,CCO,CURR,,7,05/07/2019 6:32,9752,23000000,78105960,05/10/2019 0:00,,,08/07/2019 0:00,,USD,OTC,,,NONE,,,,,,,,,,,,,,,,,,,,,,,1903205380,,,,,,,,,,FXOS,FXMS,,,,,,,,,,,,,,,,,,,,,,,,08/07/2019 0:00,USD,KRW,1195,E,Call,,,08/09/2019 0:00,5.58E+11,KRSE,,132,CASH,1,CASH,SELLS,0,132,,,,,,WIRE,0.00606,,,,,KRSE,,,,,,CURR,,,,7,7,,,0,,0,,0,,0,,0,,0,,,,CCO,CCO,,,,B,WIRE,RAYAMB,MKT,,05/08/2019 5:44,,,LNDD378,P,TRPGF45,A,,,,CPS,0,0,Comdty,05/08/2019 5:44,,,,,,,,23000000,,,,,,,,US,FXO USD CALL/KRW PUT 1195 08/07/2019,HKNG,139380,0,,,,,,,,,,,,,,,,,,,,,,,,,,,,,,,,,,,,,,,,,,,,,,,,,,,,,,139380,8:30,14:00,
EM359,0,0,0,,1904020227,05/08/2019 0:00,1903205380,ACCT,05/08/2019 0:00,,,N,6174953S3,,,,CCO,CURR,,7,05/07/2019 6:32,9810,6000000,78105958,05/10/2019 0:00,,,08/07/2019 0:00,,USD,OTC,,,NONE,,,,,,,,,,,,,,,,,,,,,,,1903205380,,,,,,,,,,FXOS,FXMS,,,,,,,,,,,,,,,,,,,,,,,,08/07/2019 0:00,USD,KRW,1195,E,Call,,,08/09/2019 0:00,5.58E+11,KRSE,,132,CASH,1,CASH,SELLS,0,132,,,,,,WIRE,0.00606,,,,,KRSE,,,,,,CURR,,,,7,7,,,0,,0,,0,,0,,0,,0,,,,CCO,CCO,,,,B,WIRE,RAYAMB,MKT,,05/08/2019 5:44,,,LNDD378,P,TRPGF45,A,,,,CPS,0,0,Comdty,05/08/2019 5:44,,,,,,,,6000000,,,,,,,,US,FXO USD CALL/KRW PUT 1195 08/07/2019,HKNG,36360,0,,,,,,,,,,,,,,,,,,,,,,,,,,,,,,,,,,,,,,,,,,,,,,,,,,,,,,36360,8:30,14:00,
IB8V,0,0,0,,1904020227,05/08/2019 0:00,1903205380,ACCT,05/08/2019 0:00,,,N,6174953S3,,,,CCO,CURR,,7,05/07/2019 6:32,9878,7100000,78105959,05/10/2019 0:00,,,08/07/2019 0:00,,USD,OTC,,,NONE,,,,,,,,,,,,,,,,,,,,,,,1903205380,,,,,,,,,,FXOS,FXMS,,,,,,,,,,,,,,,,,,,,,,,,08/07/2019 0:00,USD,KRW,1195,E,Call,,,08/09/2019 0:00,5.58E+11,KRSE,,132,CASH,1,CASH,SELLS,0,132,,,,,,WIRE,0.00606,,,,,KRSE,,,,,,CURR,,,,7,7,,,0,,0,,0,,0,,0,,0,,,,CCO,CCO,,,,B,WIRE,RAYAMB,MKT,,05/08/2019 5:44,,,LNDD378,P,TRPGF45,A,,,,CPS,0,0,Comdty,05/08/2019 5:44,,,,,,,,7100000,,,,,,,,US,FXO USD CALL/KRW PUT 1195 08/07/2019,HKNG,43026,0,,,,,,,,,,,,,,,,,,,,,,,,,,,,,,,,,,,,,,,,,,,,,,,,,,,,,,43026,8:30,14:00,
IB8V,0,0,0,,1942903961,06/07/2019 0:00,1941478950,ACCT,06/07/2019 0:00,,,N,1729885Z6,,,,CCO,CURR,,18,06/07/2019 10:00,9878,14400000,78538721,06/11/2019 0:00,,,07/18/2019 0:00,,USD,OTC,,,NONE,,,,,,,,,,,,,,,,,,,,,,,1941478950,,,,,,,,,,FXOS,FXCI,,,,,,,,,,,,,,,,,,,,,,,,07/18/2019 0:00,USD,EUR,1.131,E,Call,,,07/22/2019 0:00,3.6E+11,USNY,,41,PHYS,1,CASH,BUYL,0,41,,,,,,WIRE,0.011035007,,,,,USNY,,,,,,CURR,,,,18,18,,,0,,0,,0,,0,,0,,0,,,,CCO,CCO,,,,B,WIRE,DJHYNES,MKT,,06/07/2019 10:58,,,LNDD378,P,FAD9X02,2,,,,CPS,0,0,Comdty,06/07/2019 10:58,,,,,,,,14400000,,,,,,,,US,FXO EUR CALL/USD PUT 1.131 07/18/2019,BALT,158904.11,0,,,,,,,,,,,,,,,,,,,,,,,,,,,,,,,,,,,,,,,,,,,,,,,,,,,,,,158904.11,8:30,14:00,
70GB,0,0,0,,1941361540,06/06/2019 0:00,1940610536,ACCT,06/06/2019 0:00,,,N,1729885Y9,,,,CCO,CURR,,18,06/06/2019 9:53,70GB,260100000,78526841,06/10/2019 0:00,,,07/18/2019 0:00,,USD,OTC,,,NONE,,,,,,,,,,,,,,,,,,,,,,,1940610536,,,,,,,,,,FXOS,FXCI,,,,,,,,,,,,,,,,,,,,,,,,07/18/2019 0:00,USD,EUR,1.131,E,Call,,,07/22/2019 0:00,3.6E+11,USNY,,33,PHYS,1,CASH,BUYL,0,33,,,,,,WIRE,0.007585,,,,,USNY,,,,,,CURR,,,,18,18,,,0,,0,,0,,0,,0,,0,,,,CCO,CCO,,,,B,WIRE,DJHYNES,MKT,,06/06/2019 11:05,,,LNDD378,P,FAD9X02,2,,,,CPS,0,0,Comdty,06/06/2019 11:05,,,,,,,,260100000,,,,,,,,US,FXO EUR CALL/USD PUT 1.131 07/18/2019,BALT,1972858.5,0,,,,,,,,,,,,,,,,,,,,,,,,,,,,,,,,,,,,,,,,,,,,,,,,,,,,,,1972858.5,8:30,14:00,
70JF,0,0,0,,1904020227,05/08/2019 0:00,1903205380,ACCT,05/08/2019 0:00,,,N,6174953S3,,,,CCO,CURR,,7,05/07/2019 6:32,7AJF,62000000,78105962,05/10/2019 0:00,,,08/07/2019 0:00,,USD,OTC,,,NONE,,,,,,,,,,,,,,,,,,,,,,,1903205380,,,,,,,,,,FXOS,FXMS,,,,,,,,,,,,,,,,,,,,,,,,08/07/2019 0:00,USD,KRW,1195,E,Call,,,08/09/2019 0:00,5.58E+11,KRSE,,132,CASH,1,CASH,SELLS,0,132,,,,,,WIRE,0.00606,,,,,KRSE,,,,,,CURR,,,,7,7,,,0,,0,,0,,0,,0,,0,,,,CCO,CCO,,,,B,WIRE,RAYAMB,MKT,,05/08/2019 5:44,,,LNDD378,P,TRPGF45,A,,,,CPS,0,0,Comdty,05/08/2019 5:44,,,,,,,,62000000,,,,,,,,US,FXO USD CALL/KRW PUT 1195 08/07/2019,HKNG,375720,0,,,,,,,,,,,,,,,,,,,,,,,,,,,,,,,,,,,,,,,,,,,,,,,,,,,,,,375720,8:30,14:00,
AEJ03,0,0,0,,1919680189,05/20/2019 0:00,1919093592,ACCT,05/20/2019 0:00,,,N,1729885Q6,,,,CCO,CURR,,18,05/20/2019 8:56,9539,45500000,78273611,05/22/2019 0:00,,,07/18/2019 0:00,,USD,OTC,,,NONE,,,,,,,,,,,,,,,,,,,,,,,1919093592,,,,,,,,,,FXOS,FXCI,,,,,,,,,,,,,,,,,,,,,,,,07/18/2019 0:00,USD,EUR,1.1225,E,Call,,,07/22/2019 0:00,3.6E+11,USNY,,36,,1,CASH,BUYL,0,36,,,,,,WIRE,0.008449999,,,,,USNY,,,,,,CURR,,,,18,18,,,0,,0,,0,,0,,0,,0,,,,CCO,CCO,,,,B,WIRE,TBAKER,MKT,,05/20/2019 10:26,,,LNDD378,P,LND9F80,8,,,,CPS,0,0,Comdty,05/20/2019 10:26,,,,,,,,45500000,,,,,,,,US,FXO EUR CALL/USD PUT 1.1225 07/18/2019,LOND,384474.95,0,,,,,,,,,,,,,,,,,,,,,,,,,,,,,,,,,,,,,,,,,,,,,,,,,,,,,,384474.95,8:30,14:00,
EM359,0,0,0,,1919680189,05/20/2019 0:00,1919093592,ACCT,05/20/2019 0:00,,,N,1729885Q6,,,,CCO,CURR,,18,05/20/2019 8:56,9810,8000000,78273613,05/22/2019 0:00,,,07/18/2019 0:00,,USD,OTC,,,NONE,,,,,,,,,,,,,,,,,,,,,,,1919093592,,,,,,,,,,FXOS,FXCI,,,,,,,,,,,,,,,,,,,,,,,,07/18/2019 0:00,USD,EUR,1.1225,E,Call,,,07/22/2019 0:00,3.6E+11,USNY,,36,,1,CASH,BUYL,0,36,,,,,,WIRE,0.008449999,,,,,USNY,,,,,,CURR,,,,18,18,,,0,,0,,0,,0,,0,,0,,,,CCO,CCO,,,,B,WIRE,TBAKER,MKT,,05/20/2019 10:26,,,LNDD378,P,LND9F80,8,,,,CPS,0,0,Comdty,05/20/2019 10:26,,,,,,,,8000000,,,,,,,,US,FXO EUR CALL/USD PUT 1.1225 07/18/2019,LOND,67599.99,0,,,,,,,,,,,,,,,,,,,,,,,,,,,,,,,,,,,,,,,,,,,,,,,,,,,,,,67599.99,8:30,14:00,
BAH13,0,0,0,,1934001108,05/31/2019 0:00,1933978943,ACCT,05/31/2019 0:00,,,N,05567P8K7,,,,CCO,CURR,,16,05/31/2019 4:33,9577,53300000,78434405,06/04/2019 0:00,,,07/16/2019 0:00,,USD,OTC,,,NONE,,,,,,,,,,,,,,,,,,,,,,,1933978943,,,,,,,,,,FXOS,FXBP,,,,,,,,,,,,,,,,,,,,,,,,07/16/2019 0:00,USD,EUR,1.118,E,Call,,,07/18/2019 0:00,3.6E+11,USNY,,36,PHYS,1,CASH,BUYL,0,36,,,,,,WIRE,0.0075886,,,,,USNY,,,,,,CURR,,,,16,16,,,0,,0,,0,,0,,0,,0,,,,CCO,CCO,,,,B,WIRE,TBAKER,MKT,,05/31/2019 5:53,,,LNDD378,P,LND9F80,8,,,,CPS,0,0,Comdty,05/31/2019 5:53,,,,,,,,53300000,,,,,,,,US,FXO EUR CALL/USD PUT 1.118 07/16/2019,LOND,404472.38,0,,,,,,,,,,,,,,,,,,,,,,,,,,,,,,,,,,,,,,,,,,,,,,,,,,,,,,404472.38,8:30,14:00,
MJEZ,0,0,0,,1934001108,05/31/2019 0:00,1933978943,ACCT,05/31/2019 0:00,,,N,05567P8K7,,,,CCO,CURR,,16,05/31/2019 4:33,9752,34800000,78434404,06/04/2019 0:00,,,07/16/2019 0:00,,USD,OTC,,,NONE,,,,,,,,,,,,,,,,,,,,,,,1933978943,,,,,,,,,,FXOS,FXBP,,,,,,,,,,,,,,,,,,,,,,,,07/16/2019 0:00,USD,EUR,1.118,E,Call,,,07/18/2019 0:00,3.6E+11,USNY,,36,PHYS,1,CASH,BUYL,0,36,,,,,,WIRE,0.0075886,,,,,USNY,,,,,,CURR,,,,16,16,,,0,,0,,0,,0,,0,,0,,,,CCO,CCO,,,,B,WIRE,TBAKER,MKT,,05/31/2019 5:53,,,LNDD378,P,LND9F80,8,,,,CPS,0,0,Comdty,05/31/2019 5:53,,,,,,,,34800000,,,,,,,,US,FXO EUR CALL/USD PUT 1.118 07/16/2019,LOND,264083.28,0,,,,,,,,,,,,,,,,,,,,,,,,,,,,,,,,,,,,,,,,,,,,,,,,,,,,,,264083.28,8:30,14:00,
EM359,0,0,0,,1934001108,05/31/2019 0:00,1933978943,ACCT,05/31/2019 0:00,,,N,05567P8K7,,,,CCO,CURR,,16,05/31/2019 4:33,9810,8150000,78434402,06/04/2019 0:00,,,07/16/2019 0:00,,USD,OTC,,,NONE,,,,,,,,,,,,,,,,,,,,,,,1933978943,,,,,,,,,,FXOS,FXBP,,,,,,,,,,,,,,,,,,,,,,,,07/16/2019 0:00,USD,EUR,1.118,E,Call,,,07/18/2019 0:00,3.6E+11,USNY,,36,PHYS,1,CASH,BUYL,0,36,,,,,,WIRE,0.0075886,,,,,USNY,,,,,,CURR,,,,16,16,,,0,,0,,0,,0,,0,,0,,,,CCO,CCO,,,,B,WIRE,TBAKER,MKT,,05/31/2019 5:53,,,LNDD378,P,LND9F80,8,,,,CPS,0,0,Comdty,05/31/2019 5:53,,,,,,,,8150000,,,,,,,,US,FXO EUR CALL/USD PUT 1.118 07/16/2019,LOND,61847.09,0,,,,,,,,,,,,,,,,,,,,,,,,,,,,,,,,,,,,,,,,,,,,,,,,,,,,,,61847.09,8:30,14:00,
IB8V,0,0,0,,1934001108,05/31/2019 0:00,1933978943,ACCT,05/31/2019 0:00,,,N,05567P8K7,,,,CCO,CURR,,16,05/31/2019 4:33,9878,9600000,78434403,06/04/2019 0:00,,,07/16/2019 0:00,,USD,OTC,,,NONE,,,,,,,,,,,,,,,,,,,,,,,1933978943,,,,,,,,,,FXOS,FXBP,,,,,,,,,,,,,,,,,,,,,,,,07/16/2019 0:00,USD,EUR,1.118,E,Call,,,07/18/2019 0:00,3.6E+11,USNY,,36,PHYS,1,CASH,BUYL,0,36,,,,,,WIRE,0.0075886,,,,,USNY,,,,,,CURR,,,,16,16,,,0,,0,,0,,0,,0,,0,,,,CCO,CCO,,,,B,WIRE,TBAKER,MKT,,05/31/2019 5:53,,,LNDD378,P,LND9F80,8,,,,CPS,0,0,Comdty,05/31/2019 5:53,,,,,,,,9600000,,,,,,,,US,FXO EUR CALL/USD PUT 1.118 07/16/2019,LOND,72850.56,0,,,,,,,,,,,,,,,,,,,,,,,,,,,,,,,,,,,,,,,,,,,,,,,,,,,,,,72850.56,8:30,14:00,
70GB,0,0,0,,1904020227,05/08/2019 0:00,1903205380,ACCT,05/08/2019 0:00,,,N,6174953S3,,,,CCO,CURR,,7,05/07/2019 6:32,70GB,126500000,78105964,05/10/2019 0:00,,,08/07/2019 0:00,,USD,OTC,,,NONE,,,,,,,,,,,,,,,,,,,,,,,1903205380,,,,,,,,,,FXOS,FXMS,,,,,,,,,,,,,,,,,,,,,,,,08/07/2019 0:00,USD,KRW,1195,E,Call,,,08/09/2019 0:00,5.58E+11,KRSE,,132,CASH,1,CASH,SELLS,0,132,,,,,,WIRE,0.00606,,,,,KRSE,,,,,,CURR,,,,7,7,,,0,,0,,0,,0,,0,,0,,,,CCO,CCO,,,,B,WIRE,RAYAMB,MKT,,05/08/2019 5:44,,,LNDD378,P,TRPGF45,A,,,,CPS,0,0,Comdty,05/08/2019 5:44,,,,,,,,126500000,,,,,,,,US,FXO USD CALL/KRW PUT 1195 08/07/2019,HKNG,766590,0,,,,,,,,,,,,,,,,,,,,,,,,,,,,,,,,,,,,,,,,,,,,,,,,,,,,,,766590,8:30,14:00,
70JF,0,0,0,,1934001108,05/31/2019 0:00,1933978943,ACCT,05/31/2019 0:00,,,N,05567P8K7,,,,CCO,CURR,,16,05/31/2019 4:33,7AJF,83600000,78434406,06/04/2019 0:00,,,07/16/2019 0:00,,USD,OTC,,,NONE,,,,,,,,,,,,,,,,,,,,,,,1933978943,,,,,,,,,,FXOS,FXBP,,,,,,,,,,,,,,,,,,,,,,,,07/16/2019 0:00,USD,EUR,1.118,E,Call,,,07/18/2019 0:00,3.6E+11,USNY,,36,PHYS,1,CASH,BUYL,0,36,,,,,,WIRE,0.0075886,,,,,USNY,,,,,,CURR,,,,16,16,,,0,,0,,0,,0,,0,,0,,,,CCO,CCO,,,,B,WIRE,TBAKER,MKT,,05/31/2019 5:53,,,LNDD378,P,LND9F80,8,,,,CPS,0,0,Comdty,05/31/2019 5:53,,,,,,,,83600000,,,,,,,,US,FXO EUR CALL/USD PUT 1.118 07/16/2019,LOND,634406.96,0,,,,,,,,,,,,,,,,,,,,,,,,,,,,,,,,,,,,,,,,,,,,,,,,,,,,,,634406.96,8:30,14:00,
AEJ03,0,0,0,,1937750478,06/04/2019 0:00,1936993433,ACCT,06/04/2019 0:00,,,N,1729885V5,,,,CCO,CURR,,16,06/04/2019 7:01,9539,69450000,78492456,06/06/2019 0:00,,,07/16/2019 0:00,,USD,OTC,,,NONE,,,,,,,,,,,,,,,,,,,,,,,1936993433,,,,,,,,,,FXOS,FXCI,,,,,,,,,,,,,,,,,,,,,,,,07/16/2019 0:00,USD,EUR,1.125,E,Call,,,07/18/2019 0:00,3.6E+11,USNY,,37,PHYS,1,CASH,BUYL,0,37,,,,,,WIRE,0.008315256,,,,,USNY,,,,,,CURR,,,,16,16,,,0,,0,,0,,0,,0,,0,,,,CCO,CCO,,,,B,WIRE,RAYAMB,MKT,,06/04/2019 8:58,,,LNDD378,P,TRPGF45,A,,,,CPS,0,0,Comdty,06/04/2019 8:58,,,,,,,,69450000,,,,,,,,US,FXO EUR CALL/USD PUT 1.125 07/16/2019,HKNG,577494.54,0,,,,,,,,,,,,,,,,,,,,,,,,,,,,,,,,,,,,,,,,,,,,,,,,,,,,,,577494.54,8:30,14:00,
BAH13,0,0,0,,1937750478,06/04/2019 0:00,1936993433,ACCT,06/04/2019 0:00,,,N,1729885V5,,,,CCO,CURR,,16,06/04/2019 7:01,9577,79700000,78492461,06/06/2019 0:00,,,07/16/2019 0:00,,USD,OTC,,,NONE,,,,,,,,,,,,,,,,,,,,,,,1936993433,,,,,,,,,,FXOS,FXCI,,,,,,,,,,,,,,,,,,,,,,,,07/16/2019 0:00,USD,EUR,1.125,E,Call,,,07/18/2019 0:00,3.6E+11,USNY,,37,PHYS,1,CASH,BUYL,0,37,,,,,,WIRE,0.008315256,,,,,USNY,,,,,,CURR,,,,16,16,,,0,,0,,0,,0,,0,,0,,,,CCO,CCO,,,,B,WIRE,RAYAMB,MKT,,06/04/2019 8:58,,,LNDD378,P,TRPGF45,A,,,,CPS,0,0,Comdty,06/04/2019 8:58,,,,,,,,79700000,,,,,,,,US,FXO EUR CALL/USD PUT 1.125 07/16/2019,HKNG,662725.91,0,,,,,,,,,,,,,,,,,,,,,,,,,,,,,,,,,,,,,,,,,,,,,,,,,,,,,,662725.91,8:30,14:00,
MJEZ,0,0,0,,1937750478,06/04/2019 0:00,1936993433,ACCT,06/04/2019 0:00,,,N,1729885V5,,,,CCO,CURR,,16,06/04/2019 7:01,9752,53100000,78492460,06/06/2019 0:00,,,07/16/2019 0:00,,USD,OTC,,,NONE,,,,,,,,,,,,,,,,,,,,,,,1936993433,,,,,,,,,,FXOS,FXCI,,,,,,,,,,,,,,,,,,,,,,,,07/16/2019 0:00,USD,EUR,1.125,E,Call,,,07/18/2019 0:00,3.6E+11,USNY,,37,PHYS,1,CASH,BUYL,0,37,,,,,,WIRE,0.008315256,,,,,USNY,,,,,,CURR,,,,16,16,,,0,,0,,0,,0,,0,,0,,,,CCO,CCO,,,,B,WIRE,RAYAMB,MKT,,06/04/2019 8:58,,,LNDD378,P,TRPGF45,A,,,,CPS,0,0,Comdty,06/04/2019 8:58,,,,,,,,53100000,,,,,,,,US,FXO EUR CALL/USD PUT 1.125 07/16/2019,HKNG,441540.1,0,,,,,,,,,,,,,,,,,,,,,,,,,,,,,,,,,,,,,,,,,,,,,,,,,,,,,,441540.1,8:30,14:00,
EM359,0,0,0,,1937750478,06/04/2019 0:00,1936993433,ACCT,06/04/2019 0:00,,,N,1729885V5,,,,CCO,CURR,,16,06/04/2019 7:01,9810,12350000,78492458,06/06/2019 0:00,,,07/16/2019 0:00,,USD,OTC,,,NONE,,,,,,,,,,,,,,,,,,,,,,,1936993433,,,,,,,,,,FXOS,FXCI,,,,,,,,,,,,,,,,,,,,,,,,07/16/2019 0:00,USD,EUR,1.125,E,Call,,,07/18/2019 0:00,3.6E+11,USNY,,37,PHYS,1,CASH,BUYL,0,37,,,,,,WIRE,0.008315256,,,,,USNY,,,,,,CURR,,,,16,16,,,0,,0,,0,,0,,0,,0,,,,CCO,CCO,,,,B,WIRE,RAYAMB,MKT,,06/04/2019 8:58,,,LNDD378,P,TRPGF45,A,,,,CPS,0,0,Comdty,06/04/2019 8:58,,,,,,,,12350000,,,,,,,,US,FXO EUR CALL/USD PUT 1.125 07/16/2019,HKNG,102693.41,0,,,,,,,,,,,,,,,,,,,,,,,,,,,,,,,,,,,,,,,,,,,,,,,,,,,,,,102693.41,8:30,14:00,
IB8V,0,0,0,,1937750478,06/04/2019 0:00,1936993433,ACCT,06/04/2019 0:00,,,N,1729885V5,,,,CCO,CURR,,16,06/04/2019 7:01,9878,14450000,78492459,06/06/2019 0:00,,,07/16/2019 0:00,,USD,OTC,,,NONE,,,,,,,,,,,,,,,,,,,,,,,1936993433,,,,,,,,,,FXOS,FXCI,,,,,,,,,,,,,,,,,,,,,,,,07/16/2019 0:00,USD,EUR,1.125,E,Call,,,07/18/2019 0:00,3.6E+11,USNY,,37,PHYS,1,CASH,BUYL,0,37,,,,,,WIRE,0.008315256,,,,,USNY,,,,,,CURR,,,,16,16,,,0,,0,,0,,0,,0,,0,,,,CCO,CCO,,,,B,WIRE,RAYAMB,MKT,,06/04/2019 8:58,,,LNDD378,P,TRPGF45,A,,,,CPS,0,0,Comdty,06/04/2019 8:58,,,,,,,,14450000,,,,,,,,US,FXO EUR CALL/USD PUT 1.125 07/16/2019,HKNG,120155.45,0,,,,,,,,,,,,,,,,,,,,,,,,,,,,,,,,,,,,,,,,,,,,,,,,,,,,,,120155.45,8:30,14:00,
70GB,0,0,0,,1937750480,06/04/2019 0:00,1936993443,ACCT,06/04/2019 0:00,,,N,1729885U7,,,,CCO,CURR,,16,06/04/2019 7:01,70GB,87300000,78492474,06/06/2019 0:00,,,07/16/2019 0:00,,USD,OTC,,,NONE,,,,,,,,,,,,,,,,,,,,,,,1936993443,,,,,,,,,,FXOS,FXCI,,,,,,,,,,,,,,,,,,,,,,,,07/16/2019 0:00,USD,EUR,1.15,E,Call,,,07/18/2019 0:00,3.6E+11,USNY,,37,PHYS,1,CASH,SELLS,0,37,,,,,,WIRE,0.00164706,,,,,USNY,,,,,,CURR,,,,16,16,,,0,,0,,0,,0,,0,,0,,,,CCO,CCO,,,,B,WIRE,RAYAMB,MKT,,06/04/2019 9:00,,,LNDD378,P,TRPGF45,A,,,,CPS,0,0,Comdty,06/04/2019 9:00,,,,,,,,175500000,,,,,,,,US,FXO EUR CALL/USD PUT 1.15 07/16/2019,HKNG,289059.07,0,,,,,,,,,,,,,,,,,,,,,,,,,,,,,,,,,,,,,,,,,,,,,,,,,,,,,,289059.07,8:30,14:00,
70JF,0,0,0,,1937750480,06/04/2019 0:00,1936993443,ACCT,06/04/2019 0:00,,,N,1729885U7,,,,CCO,CURR,,16,06/04/2019 7:01,7AJF,42300000,78492472,06/06/2019 0:00,,,07/16/2019 0:00,,USD,OTC,,,NONE,,,,,,,,,,,,,,,,,,,,,,,1936993443,,,,,,,,,,FXOS,FXCI,,,,,,,,,,,,,,,,,,,,,,,,07/16/2019 0:00,USD,EUR,1.15,E,Call,,,07/18/2019 0:00,3.6E+11,USNY,,37,PHYS,1,CASH,SELLS,0,37,,,,,,WIRE,0.00164706,,,,,USNY,,,,,,CURR,,,,16,16,,,0,,0,,0,,0,,0,,0,,,,CCO,CCO,,,,B,WIRE,RAYAMB,MKT,,06/04/2019 9:00,,,LNDD378,P,TRPGF45,A,,,,CPS,0,0,Comdty,06/04/2019 9:00,,,,,,,,84600000,,,,,,,,US,FXO EUR CALL/USD PUT 1.15 07/16/2019,HKNG,139341.29,0,,,,,,,,,,,,,,,,,,,,,,,,,,,,,,,,,,,,,,,,,,,,,,,,,,,,,,139341.29,8:30,14:00,
AEJ03,0,0,0,,1937750480,06/04/2019 0:00,1936993443,ACCT,06/04/2019 0:00,,,N,1729885U7,,,,CCO,CURR,,16,06/04/2019 7:01,9539,23200000,78492466,06/06/2019 0:00,,,07/16/2019 0:00,,USD,OTC,,,NONE,,,,,,,,,,,,,,,,,,,,,,,1936993443,,,,,,,,,,FXOS,FXCI,,,,,,,,,,,,,,,,,,,,,,,,07/16/2019 0:00,USD,EUR,1.15,E,Call,,,07/18/2019 0:00,3.6E+11,USNY,,37,PHYS,1,CASH,SELLS,0,37,,,,,,WIRE,0.00164706,,,,,USNY,,,,,,CURR,,,,16,16,,,0,,0,,0,,0,,0,,0,,,,CCO,CCO,,,,B,WIRE,RAYAMB,MKT,,06/04/2019 9:00,,,LNDD378,P,TRPGF45,A,,,,CPS,0,0,Comdty,06/04/2019 9:00,,,,,,,,46400000,,,,,,,,US,FXO EUR CALL/USD PUT 1.15 07/16/2019,HKNG,76423.59,0,,,,,,,,,,,,,,,,,,,,,,,,,,,,,,,,,,,,,,,,,,,,,,,,,,,,,,76423.59,8:30,14:00,
BAH13,0,0,0,,1937750480,06/04/2019 0:00,1936993443,ACCT,06/04/2019 0:00,,,N,1729885U7,,,,CCO,CURR,,16,06/04/2019 7:01,9577,26600000,78492471,06/06/2019 0:00,,,07/16/2019 0:00,,USD,OTC,,,NONE,,,,,,,,,,,,,,,,,,,,,,,1936993443,,,,,,,,,,FXOS,FXCI,,,,,,,,,,,,,,,,,,,,,,,,07/16/2019 0:00,USD,EUR,1.15,E,Call,,,07/18/2019 0:00,3.6E+11,USNY,,37,PHYS,1,CASH,SELLS,0,37,,,,,,WIRE,0.00164706,,,,,USNY,,,,,,CURR,,,,16,16,,,0,,0,,0,,0,,0,,0,,,,CCO,CCO,,,,B,WIRE,RAYAMB,MKT,,06/04/2019 9:00,,,LNDD378,P,TRPGF45,A,,,,CPS,0,0,Comdty,06/04/2019 9:00,,,,,,,,53200000,,,,,,,,US,FXO EUR CALL/USD PUT 1.15 07/16/2019,HKNG,87623.6,0,,,,,,,,,,,,,,,,,,,,,,,,,,,,,,,,,,,,,,,,,,,,,,,,,,,,,,87623.6,8:30,14:00,
MJEZ,0,0,0,,1937750480,06/04/2019 0:00,1936993443,ACCT,06/04/2019 0:00,,,N,1729885U7,,,,CCO,CURR,,16,06/04/2019 7:01,9752,17700000,78492470,06/06/2019 0:00,,,07/16/2019 0:00,,USD,OTC,,,NONE,,,,,,,,,,,,,,,,,,,,,,,1936993443,,,,,,,,,,FXOS,FXCI,,,,,,,,,,,,,,,,,,,,,,,,07/16/2019 0:00,USD,EUR,1.15,E,Call,,,07/18/2019 0:00,3.6E+11,USNY,,37,PHYS,1,CASH,SELLS,0,37,,,,,,WIRE,0.00164706,,,,,USNY,,,,,,CURR,,,,16,16,,,0,,0,,0,,0,,0,,0,,,,CCO,CCO,,,,B,WIRE,RAYAMB,MKT,,06/04/2019 9:00,,,LNDD378,P,TRPGF45,A,,,,CPS,0,0,Comdty,06/04/2019 9:00,,,,,,,,35400000,,,,,,,,US,FXO EUR CALL/USD PUT 1.15 07/16/2019,HKNG,58305.93,0,,,,,,,,,,,,,,,,,,,,,,,,,,,,,,,,,,,,,,,,,,,,,,,,,,,,,,58305.93,8:30,14:00,
EM359,0,0,0,,1937750480,06/04/2019 0:00,1936993443,ACCT,06/04/2019 0:00,,,N,1729885U7,,,,CCO,CURR,,16,06/04/2019 7:01,9810,4100000,78492468,06/06/2019 0:00,,,07/16/2019 0:00,,USD,OTC,,,NONE,,,,,,,,,,,,,,,,,,,,,,,1936993443,,,,,,,,,,FXOS,FXCI,,,,,,,,,,,,,,,,,,,,,,,,07/16/2019 0:00,USD,EUR,1.15,E,Call,,,07/18/2019 0:00,3.6E+11,USNY,,37,PHYS,1,CASH,SELLS,0,37,,,,,,WIRE,0.00164706,,,,,USNY,,,,,,CURR,,,,16,16,,,0,,0,,0,,0,,0,,0,,,,CCO,CCO,,,,B,WIRE,RAYAMB,MKT,,06/04/2019 9:00,,,LNDD378,P,TRPGF45,A,,,,CPS,0,0,Comdty,06/04/2019 9:00,,,,,,,,8250000,,,,,,,,US,FXO EUR CALL/USD PUT 1.15 07/16/2019,HKNG,13588.25,0,,,,,,,,,,,,,,,,,,,,,,,,,,,,,,,,,,,,,,,,,,,,,,,,,,,,,,13588.25,8:30,14:00,
IB8V,0,0,0,,1937750480,06/04/2019 0:00,1936993443,ACCT,06/04/2019 0:00,,,N,1729885U7,,,,CCO,CURR,,16,06/04/2019 7:01,9878,4800000,78492469,06/06/2019 0:00,,,07/16/2019 0:00,,USD,OTC,,,NONE,,,,,,,,,,,,,,,,,,,,,,,1936993443,,,,,,,,,,FXOS,FXCI,,,,,,,,,,,,,,,,,,,,,,,,07/16/2019 0:00,USD,EUR,1.15,E,Call,,,07/18/2019 0:00,3.6E+11,USNY,,37,PHYS,1,CASH,SELLS,0,37,,,,,,WIRE,0.00164706,,,,,USNY,,,,,,CURR,,,,16,16,,,0,,0,,0,,0,,0,,0,,,,CCO,CCO,,,,B,WIRE,RAYAMB,MKT,,06/04/2019 9:00,,,LNDD378,P,TRPGF45,A,,,,CPS,0,0,Comdty,06/04/2019 9:00,,,,,,,,9650000,,,,,,,,US,FXO EUR CALL/USD PUT 1.15 07/16/2019,HKNG,15894.13,0,,,,,,,,,,,,,,,,,,,,,,,,,,,,,,,,,,,,,,,,,,,,,,,,,,,,,,15894.13,8:30,14:00,
70GB,0,0,0,,1937750482,06/04/2019 0:00,1936950486,ACCT,06/04/2019 0:00,,,N,1729885T0,,,,CCO,CURR,,16,06/04/2019 7:01,70GB,170700000,78492484,06/06/2019 0:00,,,07/16/2019 0:00,,USD,OTC,,,NONE,,,,,,,,,,,,,,,,,,,,,,,1936950486,,,,,,,,,,FXOS,FXCI,,,,,,,,,,,,,,,,,,,,,,,,07/16/2019 0:00,USD,EUR,1.118,E,Call,,,07/18/2019 0:00,3.6E+11,USNY,,37,PHYS,1,CASH,SELLS,0,37,,,,,,WIRE,0.012126387,,,,,USNY,,,,,,CURR,,,,16,16,,,0,,0,,0,,0,,0,,0,,,,CCO,CCO,,,,B,WIRE,RAYAMB,MKT,,06/04/2019 8:55,,,LNDD378,P,TRPGF45,A,,,,CPS,0,0,Comdty,06/04/2019 8:55,,,,,,,,170700000,,,,,,,,US,FXO EUR CALL/USD PUT 1.118 07/16/2019,HKNG,2069974.28,0,,,,,,,,,,,,,,,,,,,,,,,,,,,,,,,,,,,,,,,,,,,,,,,,,,,,,,2069974.28,8:30,14:00,
70JF,0,0,0,,1937750482,06/04/2019 0:00,1936950486,ACCT,06/04/2019 0:00,,,N,1729885T0,,,,CCO,CURR,,16,06/04/2019 7:01,7AJF,83600000,78492482,06/06/2019 0:00,,,07/16/2019 0:00,,USD,OTC,,,NONE,,,,,,,,,,,,,,,,,,,,,,,1936950486,,,,,,,,,,FXOS,FXCI,,,,,,,,,,,,,,,,,,,,,,,,07/16/2019 0:00,USD,EUR,1.118,E,Call,,,07/18/2019 0:00,3.6E+11,USNY,,37,PHYS,1,CASH,SELLS,0,37,,,,,,WIRE,0.012126387,,,,,USNY,,,,,,CURR,,,,16,16,,,0,,0,,0,,0,,0,,0,,,,CCO,CCO,,,,B,WIRE,RAYAMB,MKT,,06/04/2019 8:55,,,LNDD378,P,TRPGF45,A,,,,CPS,0,0,Comdty,06/04/2019 8:55,,,,,,,,83600000,,,,,,,,US,FXO EUR CALL/USD PUT 1.118 07/16/2019,HKNG,1013765.96,0,,,,,,,,,,,,,,,,,,,,,,,,,,,,,,,,,,,,,,,,,,,,,,,,,,,,,,1013765.96,8:30,14:00,
AEJ03,0,0,0,,1937750482,06/04/2019 0:00,1936950486,ACCT,06/04/2019 0:00,,,N,1729885T0,,,,CCO,CURR,,16,06/04/2019 7:01,9539,45600000,78492476,06/06/2019 0:00,,,07/16/2019 0:00,,USD,OTC,,,NONE,,,,,,,,,,,,,,,,,,,,,,,1936950486,,,,,,,,,,FXOS,FXCI,,,,,,,,,,,,,,,,,,,,,,,,07/16/2019 0:00,USD,EUR,1.118,E,Call,,,07/18/2019 0:00,3.6E+11,USNY,,37,PHYS,1,CASH,SELLS,0,37,,,,,,WIRE,0.012126387,,,,,USNY,,,,,,CURR,,,,16,16,,,0,,0,,0,,0,,0,,0,,,,CCO,CCO,,,,B,WIRE,RAYAMB,MKT,,06/04/2019 8:55,,,LNDD378,P,TRPGF45,A,,,,CPS,0,0,Comdty,06/04/2019 8:55,,,,,,,,45600000,,,,,,,,US,FXO EUR CALL/USD PUT 1.118 07/16/2019,HKNG,552963.25,0,,,,,,,,,,,,,,,,,,,,,,,,,,,,,,,,,,,,,,,,,,,,,,,,,,,,,,552963.25,8:30,14:00,
BAH13,0,0,0,,1937750482,06/04/2019 0:00,1936950486,ACCT,06/04/2019 0:00,,,N,1729885T0,,,,CCO,CURR,,16,06/04/2019 7:01,9577,53300000,78492481,06/06/2019 0:00,,,07/16/2019 0:00,,USD,OTC,,,NONE,,,,,,,,,,,,,,,,,,,,,,,1936950486,,,,,,,,,,FXOS,FXCI,,,,,,,,,,,,,,,,,,,,,,,,07/16/2019 0:00,USD,EUR,1.118,E,Call,,,07/18/2019 0:00,3.6E+11,USNY,,37,PHYS,1,CASH,SELLS,0,37,,,,,,WIRE,0.012126387,,,,,USNY,,,,,,CURR,,,,16,16,,,0,,0,,0,,0,,0,,0,,,,CCO,CCO,,,,B,WIRE,RAYAMB,MKT,,06/04/2019 8:55,,,LNDD378,P,TRPGF45,A,,,,CPS,0,0,Comdty,06/04/2019 8:55,,,,,,,,53300000,,,,,,,,US,FXO EUR CALL/USD PUT 1.118 07/16/2019,HKNG,646336.43,0,,,,,,,,,,,,,,,,,,,,,,,,,,,,,,,,,,,,,,,,,,,,,,,,,,,,,,646336.43,8:30,14:00,
MJEZ,0,0,0,,1937750482,06/04/2019 0:00,1936950486,ACCT,06/04/2019 0:00,,,N,1729885T0,,,,CCO,CURR,,16,06/04/2019 7:01,9752,34800000,78492480,06/06/2019 0:00,,,07/16/2019 0:00,,USD,OTC,,,NONE,,,,,,,,,,,,,,,,,,,,,,,1936950486,,,,,,,,,,FXOS,FXCI,,,,,,,,,,,,,,,,,,,,,,,,07/16/2019 0:00,USD,EUR,1.118,E,Call,,,07/18/2019 0:00,3.6E+11,USNY,,37,PHYS,1,CASH,SELLS,0,37,,,,,,WIRE,0.012126387,,,,,USNY,,,,,,CURR,,,,16,16,,,0,,0,,0,,0,,0,,0,,,,CCO,CCO,,,,B,WIRE,RAYAMB,MKT,,06/04/2019 8:55,,,LNDD378,P,TRPGF45,A,,,,CPS,0,0,Comdty,06/04/2019 8:55,,,,,,,,34800000,,,,,,,,US,FXO EUR CALL/USD PUT 1.118 07/16/2019,HKNG,421998.27,0,,,,,,,,,,,,,,,,,,,,,,,,,,,,,,,,,,,,,,,,,,,,,,,,,,,,,,421998.27,8:30,14:00,
EM359,0,0,0,,1937750482,06/04/2019 0:00,1936950486,ACCT,06/04/2019 0:00,,,N,1729885T0,,,,CCO,CURR,,16,06/04/2019 7:01,9810,8150000,78492478,06/06/2019 0:00,,,07/16/2019 0:00,,USD,OTC,,,NONE,,,,,,,,,,,,,,,,,,,,,,,1936950486,,,,,,,,,,FXOS,FXCI,,,,,,,,,,,,,,,,,,,,,,,,07/16/2019 0:00,USD,EUR,1.118,E,Call,,,07/18/2019 0:00,3.6E+11,USNY,,37,PHYS,1,CASH,SELLS,0,37,,,,,,WIRE,0.012126387,,,,,USNY,,,,,,CURR,,,,16,16,,,0,,0,,0,,0,,0,,0,,,,CCO,CCO,,,,B,WIRE,RAYAMB,MKT,,06/04/2019 8:55,,,LNDD378,P,TRPGF45,A,,,,CPS,0,0,Comdty,06/04/2019 8:55,,,,,,,,8150000,,,,,,,,US,FXO EUR CALL/USD PUT 1.118 07/16/2019,HKNG,98830.05,0,,,,,,,,,,,,,,,,,,,,,,,,,,,,,,,,,,,,,,,,,,,,,,,,,,,,,,98830.05,8:30,14:00,
IB8V,0,0,0,,1937750482,06/04/2019 0:00,1936950486,ACCT,06/04/2019 0:00,,,N,1729885T0,,,,CCO,CURR,,16,06/04/2019 7:01,9878,9600000,78492479,06/06/2019 0:00,,,07/16/2019 0:00,,USD,OTC,,,NONE,,,,,,,,,,,,,,,,,,,,,,,1936950486,,,,,,,,,,FXOS,FXCI,,,,,,,,,,,,,,,,,,,,,,,,07/16/2019 0:00,USD,EUR,1.118,E,Call,,,07/18/2019 0:00,3.6E+11,USNY,,37,PHYS,1,CASH,SELLS,0,37,,,,,,WIRE,0.012126387,,,,,USNY,,,,,,CURR,,,,16,16,,,0,,0,,0,,0,,0,,0,,,,CCO,CCO,,,,B,WIRE,RAYAMB,MKT,,06/04/2019 8:55,,,LNDD378,P,TRPGF45,A,,,,CPS,0,0,Comdty,06/04/2019 8:55,,,,,,,,9600000,,,,,,,,US,FXO EUR CALL/USD PUT 1.118 07/16/2019,HKNG,116413.32,0,,,,,,,,,,,,,,,,,,,,,,,,,,,,,,,,,,,,,,,,,,,,,,,,,,,,,,116413.32,8:30,14:00,
AEJ03,0,0,0,,1934001108,05/31/2019 0:00,1933978943,ACCT,05/31/2019 0:00,,,N,05567P8K7,,,,CCO,CURR,,16,05/31/2019 4:33,9539,45600000,78434400,06/04/2019 0:00,,,07/16/2019 0:00,,USD,OTC,,,NONE,,,,,,,,,,,,,,,,,,,,,,,1933978943,,,,,,,,,,FXOS,FXBP,,,,,,,,,,,,,,,,,,,,,,,,07/16/2019 0:00,USD,EUR,1.118,E,Call,,,07/18/2019 0:00,3.6E+11,USNY,,36,PHYS,1,CASH,BUYL,0,36,,,,,,WIRE,0.0075886,,,,,USNY,,,,,,CURR,,,,16,16,,,0,,0,,0,,0,,0,,0,,,,CCO,CCO,,,,B,WIRE,TBAKER,MKT,,05/31/2019 5:53,,,LNDD378,P,LND9F80,8,,,,CPS,0,0,Comdty,05/31/2019 5:53,,,,,,,,45600000,,,,,,,,US,FXO EUR CALL/USD PUT 1.118 07/16/2019,LOND,346040.16,0,,,,,,,,,,,,,,,,,,,,,,,,,,,,,,,,,,,,,,,,,,,,,,,,,,,,,,346040.16,8:30,14:00,
70JF,0,0,0,,1941315682,06/05/2019 0:00,1936993443,ACCT,06/05/2019 0:00,,,N,1729885U7,,,,CCO,CURR,,16,06/05/2019 10:15,7AJF,42300000,78466637,06/07/2019 0:00,,,07/16/2019 0:00,,USD,OTC,,,NONE,,,,,,,,,,,,,,,,,,,,,,,1936993443,,,,,,,,,,FXOS,FXCI,,,,,,,,,,,,,,,,,,,,,,,,07/16/2019 0:00,USD,EUR,1.15,E,Call,,,07/18/2019 0:00,3.6E+11,USNY,,16,PHYS,1,CASH,BUYS,0,38,,,,,,WIRE,0.00287,,,,,USNY,,,,,,CURR,,,,16,16,,,0,,0,,0,,0,,0,,0,,,,CCO,CCO,,,,B,WIRE,TBAKER,MKT,,06/05/2019 10:25,,,LNDD378,P,LND9F80,8,,,,CPS,0,0,Comdty,06/06/2019 10:30,,,,,,,,42300000,,,,,,,,US,FXO EUR CALL/USD PUT 1.15 07/16/2019,LOND,121401,0,,,,,,,,,,,,,,,,,,,,,,,,,,,,,,,,,,,,,,,,,,,,,,,,,,,,,,121401,8:30,14:00,
AEJ03,0,0,0,,1941315682,06/05/2019 0:00,1936993443,ACCT,06/05/2019 0:00,,,N,1729885U7,,,,CCO,CURR,,16,06/05/2019 10:15,9539,23200000,78466631,06/07/2019 0:00,,,07/16/2019 0:00,,USD,OTC,,,NONE,,,,,,,,,,,,,,,,,,,,,,,1936993443,,,,,,,,,,FXOS,FXCI,,,,,,,,,,,,,,,,,,,,,,,,07/16/2019 0:00,USD,EUR,1.15,E,Call,,,07/18/2019 0:00,3.6E+11,USNY,,31,PHYS,1,CASH,BUYS,0,38,,,,,,WIRE,0.00287,,,,,USNY,,,,,,CURR,,,,16,16,,,0,,0,,0,,0,,0,,0,,,,CCO,CCO,,,,B,WIRE,TBAKER,MKT,,06/05/2019 10:25,,,LNDD378,P,LND9F80,8,,,,CPS,0,0,Comdty,06/06/2019 10:30,,,,,,,,23200000,,,,,,,,US,FXO EUR CALL/USD PUT 1.15 07/16/2019,LOND,66584,0,,,,,,,,,,,,,,,,,,,,,,,,,,,,,,,,,,,,,,,,,,,,,,,,,,,,,,66584,8:30,14:00,
BAH13,0,0,0,,1941315682,06/05/2019 0:00,1936993443,ACCT,06/05/2019 0:00,,,N,1729885U7,,,,CCO,CURR,,16,06/05/2019 10:15,9577,26600000,78466636,06/07/2019 0:00,,,07/16/2019 0:00,,USD,OTC,,,NONE,,,,,,,,,,,,,,,,,,,,,,,1936993443,,,,,,,,,,FXOS,FXCI,,,,,,,,,,,,,,,,,,,,,,,,07/16/2019 0:00,USD,EUR,1.15,E,Call,,,07/18/2019 0:00,3.6E+11,USNY,,16,PHYS,1,CASH,BUYS,0,38,,,,,,WIRE,0.00287,,,,,USNY,,,,,,CURR,,,,16,16,,,0,,0,,0,,0,,0,,0,,,,CCO,CCO,,,,B,WIRE,TBAKER,MKT,,06/05/2019 10:25,,,LNDD378,P,LND9F80,8,,,,CPS,0,0,Comdty,06/06/2019 10:30,,,,,,,,26600000,,,,,,,,US,FXO EUR CALL/USD PUT 1.15 07/16/2019,LOND,76342,0,,,,,,,,,,,,,,,,,,,,,,,,,,,,,,,,,,,,,,,,,,,,,,,,,,,,,,76342,8:30,14:00,
MJEZ,0,0,0,,1941315682,06/05/2019 0:00,1936993443,ACCT,06/05/2019 0:00,,,N,1729885U7,,,,CCO,CURR,,16,06/05/2019 10:15,9752,17700000,78466635,06/07/2019 0:00,,,07/16/2019 0:00,,USD,OTC,,,NONE,,,,,,,,,,,,,,,,,,,,,,,1936993443,,,,,,,,,,FXOS,FXCI,,,,,,,,,,,,,,,,,,,,,,,,07/16/2019 0:00,USD,EUR,1.15,E,Call,,,07/18/2019 0:00,3.6E+11,USNY,,29,PHYS,1,CASH,BUYS,0,38,,,,,,WIRE,0.00287,,,,,USNY,,,,,,CURR,,,,16,16,,,0,,0,,0,,0,,0,,0,,,,CCO,CCO,,,,B,WIRE,TBAKER,MKT,,06/05/2019 10:25,,,LNDD378,P,LND9F80,8,,,,CPS,0,0,Comdty,06/06/2019 10:30,,,,,,,,17700000,,,,,,,,US,FXO EUR CALL/USD PUT 1.15 07/16/2019,LOND,50799,0,,,,,,,,,,,,,,,,,,,,,,,,,,,,,,,,,,,,,,,,,,,,,,,,,,,,,,50799,8:30,14:00,
EM359,0,0,0,,1941315682,06/05/2019 0:00,1936993443,ACCT,06/05/2019 0:00,,,N,1729885U7,,,,CCO,CURR,,16,06/05/2019 10:15,9810,4100000,78466633,06/07/2019 0:00,,,07/16/2019 0:00,,USD,OTC,,,NONE,,,,,,,,,,,,,,,,,,,,,,,1936993443,,,,,,,,,,FXOS,FXCI,,,,,,,,,,,,,,,,,,,,,,,,07/16/2019 0:00,USD,EUR,1.15,E,Call,,,07/18/2019 0:00,3.6E+11,USNY,,31,PHYS,1,CASH,BUYS,0,38,,,,,,WIRE,0.00287,,,,,USNY,,,,,,CURR,,,,16,16,,,0,,0,,0,,0,,0,,0,,,,CCO,CCO,,,,B,WIRE,TBAKER,MKT,,06/05/2019 10:25,,,LNDD378,P,LND9F80,8,,,,CPS,0,0,Comdty,06/06/2019 10:30,,,,,,,,4150000,,,,,,,,US,FXO EUR CALL/USD PUT 1.15 07/16/2019,LOND,11910.5,0,,,,,,,,,,,,,,,,,,,,,,,,,,,,,,,,,,,,,,,,,,,,,,,,,,,,,,11910.5,8:30,14:00,
IB8V,0,0,0,,1941315682,06/05/2019 0:00,1936993443,ACCT,06/05/2019 0:00,,,N,1729885U7,,,,CCO,CURR,,16,06/05/2019 10:15,9878,4800000,78466634,06/07/2019 0:00,,,07/16/2019 0:00,,USD,OTC,,,NONE,,,,,,,,,,,,,,,,,,,,,,,1936993443,,,,,,,,,,FXOS,FXCI,,,,,,,,,,,,,,,,,,,,,,,,07/16/2019 0:00,USD,EUR,1.15,E,Call,,,07/18/2019 0:00,3.6E+11,USNY,,31,PHYS,1,CASH,BUYS,0,38,,,,,,WIRE,0.00287,,,,,USNY,,,,,,CURR,,,,16,16,,,0,,0,,0,,0,,0,,0,,,,CCO,CCO,,,,B,WIRE,TBAKER,MKT,,06/05/2019 10:25,,,LNDD378,P,LND9F80,8,,,,CPS,0,0,Comdty,06/06/2019 10:30,,,,,,,,4850000,,,,,,,,US,FXO EUR CALL/USD PUT 1.15 07/16/2019,LOND,13919.5,0,,,,,,,,,,,,,,,,,,,,,,,,,,,,,,,,,,,,,,,,,,,,,,,,,,,,,,13919.5,8:30,14:00,
70GB,0,0,0,,1941315689,06/05/2019 0:00,1937925301,ACCT,06/05/2019 0:00,,,N,1729885W3,,,,CPO,CURR,,5,06/04/2019 12:08,70GB,130800000,78466649,06/06/2019 0:00,,,08/05/2019 0:00,,USD,OTC,,,NONE,,,,,,,,,,,,,,,,,,,,,,,1937925301,,,,,,,,,,FXOS,FXCI,,,,,,,,,,,,,,,,,,,,,,,,08/05/2019 0:00,USD,CAD,1.32,E,Put,,,08/07/2019 0:00,3.6E+11,USNY,,16,PHYS,1,CASH,SELLS,0,20,,,,,,WIRE,0.003425,,,,,USNY,,,,,,CURR,,,,5,5,,,0,,0,,0,,0,,0,,0,,,,CPO,CPO,,,,B,WIRE,TBAKER,MKT,,06/05/2019 10:32,,,LNDD378,P,LND9F80,8,,,,CPS,0,0,Comdty,06/06/2019 10:31,,,,,,,,130800000,,,,,,,,US,FXO USD PUT/CAD CALL 1.32 08/05/2019,LOND,447990,0,,,,,,,,,,,,,,,,,,,,,,,,,,,,,,,,,,,,,,,,,,,,,,,,,,,,,,447990,8:30,14:00,
70JF,0,0,0,,1941315689,06/05/2019 0:00,1937925301,ACCT,06/05/2019 0:00,,,N,1729885W3,,,,CPO,CURR,,5,06/04/2019 12:08,7AJF,63700000,78466647,06/06/2019 0:00,,,08/05/2019 0:00,,USD,OTC,,,NONE,,,,,,,,,,,,,,,,,,,,,,,1937925301,,,,,,,,,,FXOS,FXCI,,,,,,,,,,,,,,,,,,,,,,,,08/05/2019 0:00,USD,CAD,1.32,E,Put,,,08/07/2019 0:00,3.6E+11,USNY,,16,PHYS,1,CASH,SELLS,0,20,,,,,,WIRE,0.003425,,,,,USNY,,,,,,CURR,,,,5,5,,,0,,0,,0,,0,,0,,0,,,,CPO,CPO,,,,B,WIRE,TBAKER,MKT,,06/05/2019 10:32,,,LNDD378,P,LND9F80,8,,,,CPS,0,0,Comdty,06/06/2019 10:31,,,,,,,,63700000,,,,,,,,US,FXO USD PUT/CAD CALL 1.32 08/05/2019,LOND,218172.5,0,,,,,,,,,,,,,,,,,,,,,,,,,,,,,,,,,,,,,,,,,,,,,,,,,,,,,,218172.5,8:30,14:00,
AEJ03,0,0,0,,1941315689,06/05/2019 0:00,1937925301,ACCT,06/05/2019 0:00,,,N,1729885W3,,,,CPO,CURR,,5,06/04/2019 12:08,9539,35000000,78466640,06/06/2019 0:00,,,08/05/2019 0:00,,USD,OTC,,,NONE,,,,,,,,,,,,,,,,,,,,,,,1937925301,,,,,,,,,,FXOS,FXCI,,,,,,,,,,,,,,,,,,,,,,,,08/05/2019 0:00,USD,CAD,1.32,E,Put,,,08/07/2019 0:00,3.6E+11,USNY,,16,PHYS,1,CASH,SELLS,0,20,,,,,,WIRE,0.003425,,,,,USNY,,,,,,CURR,,,,5,5,,,0,,0,,0,,0,,0,,0,,,,CPO,CPO,,,,B,WIRE,TBAKER,MKT,,06/05/2019 10:32,,,LNDD378,P,LND9F80,8,,,,CPS,0,0,Comdty,06/06/2019 10:31,,,,,,,,35000000,,,,,,,,US,FXO USD PUT/CAD CALL 1.32 08/05/2019,LOND,119875,0,,,,,,,,,,,,,,,,,,,,,,,,,,,,,,,,,,,,,,,,,,,,,,,,,,,,,,119875,8:30,14:00,
BAH13,0,0,0,,1941315689,06/05/2019 0:00,1937925301,ACCT,06/05/2019 0:00,,,N,1729885W3,,,,CPO,CURR,,5,06/04/2019 12:08,9577,39800000,78466646,06/06/2019 0:00,,,08/05/2019 0:00,,USD,OTC,,,NONE,,,,,,,,,,,,,,,,,,,,,,,1937925301,,,,,,,,,,FXOS,FXCI,,,,,,,,,,,,,,,,,,,,,,,,08/05/2019 0:00,USD,CAD,1.32,E,Put,,,08/07/2019 0:00,3.6E+11,USNY,,16,PHYS,1,CASH,SELLS,0,20,,,,,,WIRE,0.003425,,,,,USNY,,,,,,CURR,,,,5,5,,,0,,0,,0,,0,,0,,0,,,,CPO,CPO,,,,B,WIRE,TBAKER,MKT,,06/05/2019 10:32,,,LNDD378,P,LND9F80,8,,,,CPS,0,0,Comdty,06/06/2019 10:31,,,,,,,,39800000,,,,,,,,US,FXO USD PUT/CAD CALL 1.32 08/05/2019,LOND,136315,0,,,,,,,,,,,,,,,,,,,,,,,,,,,,,,,,,,,,,,,,,,,,,,,,,,,,,,136315,8:30,14:00,
MJEZ,0,0,0,,1941315689,06/05/2019 0:00,1937925301,ACCT,06/05/2019 0:00,,,N,1729885W3,,,,CPO,CURR,,5,06/04/2019 12:08,9752,26500000,78466645,06/06/2019 0:00,,,08/05/2019 0:00,,USD,OTC,,,NONE,,,,,,,,,,,,,,,,,,,,,,,1937925301,,,,,,,,,,FXOS,FXCI,,,,,,,,,,,,,,,,,,,,,,,,08/05/2019 0:00,USD,CAD,1.32,E,Put,,,08/07/2019 0:00,3.6E+11,USNY,,16,PHYS,1,CASH,SELLS,0,20,,,,,,WIRE,0.003425,,,,,USNY,,,,,,CURR,,,,5,5,,,0,,0,,0,,0,,0,,0,,,,CPO,CPO,,,,B,WIRE,TBAKER,MKT,,06/05/2019 10:32,,,LNDD378,P,LND9F80,8,,,,CPS,0,0,Comdty,06/06/2019 10:31,,,,,,,,26500000,,,,,,,,US,FXO USD PUT/CAD CALL 1.32 08/05/2019,LOND,90762.5,0,,,,,,,,,,,,,,,,,,,,,,,,,,,,,,,,,,,,,,,,,,,,,,,,,,,,,,90762.5,8:30,14:00,
EM359,0,0,0,,1941315689,06/05/2019 0:00,1937925301,ACCT,06/05/2019 0:00,,,N,1729885W3,,,,CPO,CURR,,5,06/04/2019 12:08,9810,6100000,78466643,06/06/2019 0:00,,,08/05/2019 0:00,,USD,OTC,,,NONE,,,,,,,,,,,,,,,,,,,,,,,1937925301,,,,,,,,,,FXOS,FXCI,,,,,,,,,,,,,,,,,,,,,,,,08/05/2019 0:00,USD,CAD,1.32,E,Put,,,08/07/2019 0:00,3.6E+11,USNY,,16,PHYS,1,CASH,SELLS,0,20,,,,,,WIRE,0.003425,,,,,USNY,,,,,,CURR,,,,5,5,,,0,,0,,0,,0,,0,,0,,,,CPO,CPO,,,,B,WIRE,TBAKER,MKT,,06/05/2019 10:32,,,LNDD378,P,LND9F80,8,,,,CPS,0,0,Comdty,06/06/2019 10:31,,,,,,,,6100000,,,,,,,,US,FXO USD PUT/CAD CALL 1.32 08/05/2019,LOND,20892.5,0,,,,,,,,,,,,,,,,,,,,,,,,,,,,,,,,,,,,,,,,,,,,,,,,,,,,,,20892.5,8:30,14:00,
IB8V,0,0,0,,1941315689,06/05/2019 0:00,1937925301,ACCT,06/05/2019 0:00,,,N,1729885W3,,,,CPO,CURR,,5,06/04/2019 12:08,9878,7200000,78466644,06/06/2019 0:00,,,08/05/2019 0:00,,USD,OTC,,,NONE,,,,,,,,,,,,,,,,,,,,,,,1937925301,,,,,,,,,,FXOS,FXCI,,,,,,,,,,,,,,,,,,,,,,,,08/05/2019 0:00,USD,CAD,1.32,E,Put,,,08/07/2019 0:00,3.6E+11,USNY,,16,PHYS,1,CASH,SELLS,0,20,,,,,,WIRE,0.003425,,,,,USNY,,,,,,CURR,,,,5,5,,,0,,0,,0,,0,,0,,0,,,,CPO,CPO,,,,B,WIRE,TBAKER,MKT,,06/05/2019 10:32,,,LNDD378,P,LND9F80,8,,,,CPS,0,0,Comdty,06/06/2019 10:31,,,,,,,,7200000,,,,,,,,US,FXO USD PUT/CAD CALL 1.32 08/05/2019,LOND,24660,0,,,,,,,,,,,,,,,,,,,,,,,,,,,,,,,,,,,,,,,,,,,,,,,,,,,,,,24660,8:30,14:00,
70GB,0,0,0,,1934001108,05/31/2019 0:00,1933978943,ACCT,05/31/2019 0:00,,,N,05567P8K7,,,,CCO,CURR,,16,05/31/2019 4:33,70GB,170700000,78434408,06/04/2019 0:00,,,07/16/2019 0:00,,USD,OTC,,,NONE,,,,,,,,,,,,,,,,,,,,,,,1933978943,,,,,,,,,,FXOS,FXBP,,,,,,,,,,,,,,,,,,,,,,,,07/16/2019 0:00,USD,EUR,1.118,E,Call,,,07/18/2019 0:00,3.6E+11,USNY,,36,PHYS,1,CASH,BUYL,0,36,,,,,,WIRE,0.0075886,,,,,USNY,,,,,,CURR,,,,16,16,,,0,,0,,0,,0,,0,,0,,,,CCO,CCO,,,,B,WIRE,TBAKER,MKT,,05/31/2019 5:53,,,LNDD378,P,LND9F80,8,,,,CPS,0,0,Comdty,05/31/2019 5:53,,,,,,,,170700000,,,,,,,,US,FXO EUR CALL/USD PUT 1.118 07/16/2019,LOND,1295374.02,0,,,,,,,,,,,,,,,,,,,,,,,,,,,,,,,,,,,,,,,,,,,,,,,,,,,,,,1295374.02,8:30,14:00,
70GB,0,0,0,,1941315682,06/05/2019 0:00,1936993443,ACCT,06/05/2019 0:00,,,N,1729885U7,,,,CCO,CURR,,16,06/05/2019 10:15,70GB,87300000,78466639,06/07/2019 0:00,,,07/16/2019 0:00,,USD,OTC,,,NONE,,,,,,,,,,,,,,,,,,,,,,,1936993443,,,,,,,,,,FXOS,FXCI,,,,,,,,,,,,,,,,,,,,,,,,07/16/2019 0:00,USD,EUR,1.15,E,Call,,,07/18/2019 0:00,3.6E+11,USNY,,16,PHYS,1,CASH,BUYS,0,38,,,,,,WIRE,0.00287,,,,,USNY,,,,,,CURR,,,,16,16,,,0,,0,,0,,0,,0,,0,,,,CCO,CCO,,,,B,WIRE,TBAKER,MKT,,06/05/2019 10:25,,,LNDD378,P,LND9F80,8,,,,CPS,0,0,Comdty,06/06/2019 10:30,,,,,,,,88200000,,,,,,,,US,FXO EUR CALL/USD PUT 1.15 07/16/2019,LOND,253134,0,,,,,,,,,,,,,,,,,,,,,,,,,,,,,,,,,,,,,,,,,,,,,,,,,,,,,,253134,8:30,14:00,
AEJ03,0,0,0,,1942021449,06/07/2019 0:00,1942021453,ACCT,06/07/2019 0:00,,,N,0609911C0,,,,CCO,CURR,,7,06/05/2019 9:45,9539,34600000,78513019,06/11/2019 0:00,,,08/07/2019 0:00,,USD,OTC,,,NONE,,,,,,,,,,,,,,,,,,,,,,,1942021453,,,,,,,,,,FXOS,FXML,,,,,,,,,,,,,,,,,,,,,,,,08/07/2019 0:00,USD,KRW,1195,E,Call,,,08/09/2019 0:00,5.58E+11,KRSE,,82,PHYS,1,CASH,BUYL,0,82,,,,,,WIRE,0.0066,,,,,KRSE,,,,,,CURR,,,,7,7,,,0,,0,,0,,0,,0,,0,,,,CCO,CCO,,,,B,WIRE,RAYAMB,MKT,,06/07/2019 6:07,,,LNDD378,P,TRPGF45,A,,,,CPS,0,0,Comdty,06/07/2019 6:07,,,,,,,,34600000,,,,,,,,US,FXO USD CALL/KRW PUT 1195 08/07/2019,HKNG,228360,0,,,,,,,,,,,,,,,,,,,,,,,,,,,,,,,,,,,,,,,,,,,,,,,,,,,,,,228360,8:30,14:00,
BAH13,0,0,0,,1942021449,06/07/2019 0:00,1942021453,ACCT,06/07/2019 0:00,,,N,0609911C0,,,,CCO,CURR,,7,06/05/2019 9:45,9577,39000000,78513024,06/11/2019 0:00,,,08/07/2019 0:00,,USD,OTC,,,NONE,,,,,,,,,,,,,,,,,,,,,,,1942021453,,,,,,,,,,FXOS,FXML,,,,,,,,,,,,,,,,,,,,,,,,08/07/2019 0:00,USD,KRW,1195,E,Call,,,08/09/2019 0:00,5.58E+11,KRSE,,82,PHYS,1,CASH,BUYL,0,82,,,,,,WIRE,0.0066,,,,,KRSE,,,,,,CURR,,,,7,7,,,0,,0,,0,,0,,0,,0,,,,CCO,CCO,,,,B,WIRE,RAYAMB,MKT,,06/07/2019 6:07,,,LNDD378,P,TRPGF45,A,,,,CPS,0,0,Comdty,06/07/2019 6:07,,,,,,,,39000000,,,,,,,,US,FXO USD CALL/KRW PUT 1195 08/07/2019,HKNG,257400,0,,,,,,,,,,,,,,,,,,,,,,,,,,,,,,,,,,,,,,,,,,,,,,,,,,,,,,257400,8:30,14:00,
MJEZ,0,0,0,,1942021449,06/07/2019 0:00,1942021453,ACCT,06/07/2019 0:00,,,N,0609911C0,,,,CCO,CURR,,7,06/05/2019 9:45,9752,23000000,78513023,06/11/2019 0:00,,,08/07/2019 0:00,,USD,OTC,,,NONE,,,,,,,,,,,,,,,,,,,,,,,1942021453,,,,,,,,,,FXOS,FXML,,,,,,,,,,,,,,,,,,,,,,,,08/07/2019 0:00,USD,KRW,1195,E,Call,,,08/09/2019 0:00,5.58E+11,KRSE,,82,PHYS,1,CASH,BUYL,0,82,,,,,,WIRE,0.0066,,,,,KRSE,,,,,,CURR,,,,7,7,,,0,,0,,0,,0,,0,,0,,,,CCO,CCO,,,,B,WIRE,RAYAMB,MKT,,06/07/2019 6:07,,,LNDD378,P,TRPGF45,A,,,,CPS,0,0,Comdty,06/07/2019 6:07,,,,,,,,23000000,,,,,,,,US,FXO USD CALL/KRW PUT 1195 08/07/2019,HKNG,151800,0,,,,,,,,,,,,,,,,,,,,,,,,,,,,,,,,,,,,,,,,,,,,,,,,,,,,,,151800,8:30,14:00,
EM359,0,0,0,,1942021449,06/07/2019 0:00,1942021453,ACCT,06/07/2019 0:00,,,N,0609911C0,,,,CCO,CURR,,7,06/05/2019 9:45,9810,6000000,78513021,06/11/2019 0:00,,,08/07/2019 0:00,,USD,OTC,,,NONE,,,,,,,,,,,,,,,,,,,,,,,1942021453,,,,,,,,,,FXOS,FXML,,,,,,,,,,,,,,,,,,,,,,,,08/07/2019 0:00,USD,KRW,1195,E,Call,,,08/09/2019 0:00,5.58E+11,KRSE,,82,PHYS,1,CASH,BUYL,0,82,,,,,,WIRE,0.0066,,,,,KRSE,,,,,,CURR,,,,7,7,,,0,,0,,0,,0,,0,,0,,,,CCO,CCO,,,,B,WIRE,RAYAMB,MKT,,06/07/2019 6:07,,,LNDD378,P,TRPGF45,A,,,,CPS,0,0,Comdty,06/07/2019 6:07,,,,,,,,6000000,,,,,,,,US,FXO USD CALL/KRW PUT 1195 08/07/2019,HKNG,39600,0,,,,,,,,,,,,,,,,,,,,,,,,,,,,,,,,,,,,,,,,,,,,,,,,,,,,,,39600,8:30,14:00,
IB8V,0,0,0,,1942021449,06/07/2019 0:00,1942021453,ACCT,06/07/2019 0:00,,,N,0609911C0,,,,CCO,CURR,,7,06/05/2019 9:45,9878,7100000,78513022,06/11/2019 0:00,,,08/07/2019 0:00,,USD,OTC,,,NONE,,,,,,,,,,,,,,,,,,,,,,,1942021453,,,,,,,,,,FXOS,FXML,,,,,,,,,,,,,,,,,,,,,,,,08/07/2019 0:00,USD,KRW,1195,E,Call,,,08/09/2019 0:00,5.58E+11,KRSE,,82,PHYS,1,CASH,BUYL,0,82,,,,,,WIRE,0.0066,,,,,KRSE,,,,,,CURR,,,,7,7,,,0,,0,,0,,0,,0,,0,,,,CCO,CCO,,,,B,WIRE,RAYAMB,MKT,,06/07/2019 6:07,,,LNDD378,P,TRPGF45,A,,,,CPS,0,0,Comdty,06/07/2019 6:07,,,,,,,,7100000,,,,,,,,US,FXO USD CALL/KRW PUT 1195 08/07/2019,HKNG,46860,0,,,,,,,,,,,,,,,,,,,,,,,,,,,,,,,,,,,,,,,,,,,,,,,,,,,,,,46860,8:30,14:00,
70GB,0,0,0,,1937750478,06/04/2019 0:00,1936993433,ACCT,06/04/2019 0:00,,,N,1729885V5,,,,CCO,CURR,,16,06/04/2019 7:01,70GB,261000000,78492464,06/06/2019 0:00,,,07/16/2019 0:00,,USD,OTC,,,NONE,,,,,,,,,,,,,,,,,,,,,,,1936993433,,,,,,,,,,FXOS,FXCI,,,,,,,,,,,,,,,,,,,,,,,,07/16/2019 0:00,USD,EUR,1.125,E,Call,,,07/18/2019 0:00,3.6E+11,USNY,,37,PHYS,1,CASH,BUYL,0,37,,,,,,WIRE,0.008315256,,,,,USNY,,,,,,CURR,,,,16,16,,,0,,0,,0,,0,,0,,0,,,,CCO,CCO,,,,B,WIRE,RAYAMB,MKT,,06/04/2019 8:58,,,LNDD378,P,TRPGF45,A,,,,CPS,0,0,Comdty,06/04/2019 8:58,,,,,,,,261000000,,,,,,,,US,FXO EUR CALL/USD PUT 1.125 07/16/2019,HKNG,2170281.85,0,,,,,,,,,,,,,,,,,,,,,,,,,,,,,,,,,,,,,,,,,,,,,,,,,,,,,,2170281.85,8:30,14:00,
70JF,0,0,0,,1937750478,06/04/2019 0:00,1936993433,ACCT,06/04/2019 0:00,,,N,1729885V5,,,,CCO,CURR,,16,06/04/2019 7:01,7AJF,127000000,78492462,06/06/2019 0:00,,,07/16/2019 0:00,,USD,OTC,,,NONE,,,,,,,,,,,,,,,,,,,,,,,1936993433,,,,,,,,,,FXOS,FXCI,,,,,,,,,,,,,,,,,,,,,,,,07/16/2019 0:00,USD,EUR,1.125,E,Call,,,07/18/2019 0:00,3.6E+11,USNY,,37,PHYS,1,CASH,BUYL,0,37,,,,,,WIRE,0.008315256,,,,,USNY,,,,,,CURR,,,,16,16,,,0,,0,,0,,0,,0,,0,,,,CCO,CCO,,,,B,WIRE,RAYAMB,MKT,,06/04/2019 8:58,,,LNDD378,P,TRPGF45,A,,,,CPS,0,0,Comdty,06/04/2019 8:58,,,,,,,,127000000,,,,,,,,US,FXO EUR CALL/USD PUT 1.125 07/16/2019,HKNG,1056037.53,0,,,,,,,,,,,,,,,,,,,,,,,,,,,,,,,,,,,,,,,,,,,,,,,,,,,,,,1056037.53,8:30,14:00,
70GB,0,0,0,,1942021449,06/07/2019 0:00,1942021453,ACCT,06/07/2019 0:00,,,N,0609911C0,,,,CCO,CURR,,7,06/05/2019 9:45,70GB,126500000,78513027,06/11/2019 0:00,,,08/07/2019 0:00,,USD,OTC,,,NONE,,,,,,,,,,,,,,,,,,,,,,,1942021453,,,,,,,,,,FXOS,FXML,,,,,,,,,,,,,,,,,,,,,,,,08/07/2019 0:00,USD,KRW,1195,E,Call,,,08/09/2019 0:00,5.58E+11,KRSE,,82,PHYS,1,CASH,BUYL,0,82,,,,,,WIRE,0.0066,,,,,KRSE,,,,,,CURR,,,,7,7,,,0,,0,,0,,0,,0,,0,,,,CCO,CCO,,,,B,WIRE,RAYAMB,MKT,,06/07/2019 6:07,,,LNDD378,P,TRPGF45,A,,,,CPS,0,0,Comdty,06/07/2019 6:07,,,,,,,,126500000,,,,,,,,US,FXO USD CALL/KRW PUT 1195 08/07/2019,HKNG,834900,0,,,,,,,,,,,,,,,,,,,,,,,,,,,,,,,,,,,,,,,,,,,,,,,,,,,,,,834900,8:30,14:00,
70JF,0,0,0,,1942021449,06/07/2019 0:00,1942021453,ACCT,06/07/2019 0:00,,,N,0609911C0,,,,CCO,CURR,,7,06/05/2019 9:45,7AJF,62000000,78513025,06/11/2019 0:00,,,08/07/2019 0:00,,USD,OTC,,,NONE,,,,,,,,,,,,,,,,,,,,,,,1942021453,,,,,,,,,,FXOS,FXML,,,,,,,,,,,,,,,,,,,,,,,,08/07/2019 0:00,USD,KRW,1195,E,Call,,,08/09/2019 0:00,5.58E+11,KRSE,,82,PHYS,1,CASH,BUYL,0,82,,,,,,WIRE,0.0066,,,,,KRSE,,,,,,CURR,,,,7,7,,,0,,0,,0,,0,,0,,0,,,,CCO,CCO,,,,B,WIRE,RAYAMB,MKT,,06/07/2019 6:07,,,LNDD378,P,TRPGF45,A,,,,CPS,0,0,Comdty,06/07/2019 6:07,,,,,,,,62000000,,,,,,,,US,FXO USD CALL/KRW PUT 1195 08/07/2019,HKNG,409200,0,,,,,,,,,,,,,,,,,,,,,,,,,,,,,,,,,,,,,,,,,,,,,,,,,,,,,,409200,8:30,14:00,
